Type kjøretøy,Merke,Modell,Årsmodell,Feiltype,Symptomkategori,Symptom (valg),Kommentar,Løsning,Symptomdetalj (manuell),Feilkode,Generell feil,Mitt kjøretøy,Ytterligere symptomdetaljer,Link til kilde
Bil,Hoie44,F1,2017,Drivverk,Drivlinje,"Drivlinje, ulyd",Ulyd ved kjøring i sving,Bytt hjullager,,,,,,
Skurtresker,Claas,Avero 240,2010,Elektrisk,Varsellampe / feilkode,"Hydraulikk, virker ikke",Fikk ikke løftet skjærebord. Fikk ikke kjørt noen hydrauliske funksjoner til skjærebord.,"Skiftet begge styreenheter til skjærebord under passasjersete. Den ene var til avvatring, den andre til hydraulikk.",Skjærebord gikk kun ned,ID0251 ID0252,,,,
Bil,Kia,Niro hybrid ,2017,Elektrisk,Klima-feil,"Klima, ingen kjøling","Km. stand 130000. Lett å bytte, tre stjerneskruer.","Byttet viftemotor. Montert ved handskerom, venstre side.",,,,,,
Bil,Kia,Niro hybrid ,2017,Elektrisk,Visuelt,Feil på lys,"Litt knot, må av med innedelen av bakluka.",Bytt lampe.,Enkelte dioder i bremselyset tennes ikke.,,,,,
Bil,Kia,Niro hybrid ,2017,Bremser,Bremsefeil,Dårlig brems,"Brems høyre bak ligger på. Fører til varmegang, stor slitasje og økt drivstofforbruk.",Km stand 160000. Fri opp glidere og bytt stemplet og pakninger. Repsett. ,,,true,,,
Bil,Kia,Niro hybrid ,2017,Motor,Motorfeil,"Motor, dårlig effekt",Går ujevnt og lugger litt i noen hastigheter. Andre hastigheter merkes ikke noe. Blir gradvis verre. ,Bytt tennplugger. ,,,true,,,
Bil,Kia,Niro hybrid ,2017,Hjul,Visuell feil,Unormal slitasje,Sliter dekk på innsiden,4-hjulskontroll,,,true,,,
Skurtresker,Claas,Avero 240,2011,Hydraulisk,Røyk,Røyk,La merke til svarte røykskyer fra bakpart. Ingen andre symptomer. Åpnet sidedeksel venstre side og så stor lekkasje. Oljen kom fra hydraulikkpumpe. Var en syltynn sprut som nesten var umulig å se.,Skifte O-ring på liten skrue inn i pumpa.,Svarte røykskyer,,,,,
Skurtresker,Claas,Avero 240,2011,Skjærebord,Bevegelse/rotasjons-feil,"Hydraulikk, virker ikke",Klappbord 450. Vinde går ikke synkront frem og tilbake.,Sylindre luftes ved å kjøre vinde helt bak og holde inne noen sekunder.,"Hydraulikk, ujevn bevegelse",,,,,
Bil,Audi,A4,2006,Drivstoffsystem,Motorfeil,"Motor, stopper",Motor stopper etter litt kjøring,Tanklokk hadde ikke lufting som gjorde at det ble vakuum i tanken,"Motor, stopper",,true,,,
Motorsykkel,44Hoie,F1 70,2023,Styring og oppheng,Styring,"Styring, risting",Begynner å riste i rattet ved ca 70km/t.,Avbalanser framhjul,Rister i rattet f.o.m 70 km/t.,,true,true,true,
Traktor,Deutz Fahr,K410,2010,Elektroniske styresystemer,Varsellampe / feilkode,"Varsellampe, feilkode",Potmeter for løftearmer fungerte ikke,Nytt potmeter-kort. Kan også lodde som på bildet om feilen er på kortet.,Control Height Set Grounding Short Circuit feilmelding,Control Height Set Grounding Short Circuit feilmelding,,,true,https://www.facebook.com/share/p/1ThDSYFrfx/?mibextid=wwXIfr
Traktor,Valtra,"6x50, C, N ",2008,Elektroniske styresystemer,Varsellampe / feilkode,,Kommer etter en stund ,"Feilen var tuning-boks / power-boks for trimming / effektøkning. Feilkode sier feil på kommunikasjon til dieselpumpe. Fjernet power-boksen, alt ok.",,C297 og F284,,,,
Traktor,Valtra,A95,2007,Elektrisk,Varsellampe / feilkode,"Hydraulikk, virker ikke",Går ikke å bruke løftearmene bak. AC-verdi på dashbord (instrument) viser høyde 0 hele tiden.,"Sjekk eller bytt giver for høyde på løftearmer.
Feilkode 16 tyder på feil i strømforsyningen til hydraulikkens styreenhet.
Feilkode 22 tyder på feil på giveren som viser hvor høyt løftearmene står. Giver sitter oppå hydraulikkhuset, ved oljepåfyllingen. Sjekk kabel og kontakt/tilkobling. IKKE løsne giveren og skru den ut, uten å ha målt og merket opp hvor langt innden er skrudd. Hvis du skrur den giveren ut eller inn til en ny posisjon vil løftehøyden bli feil. Har den ene av de øvre løftearmene løsnet så hele akslingen har glidd sideveis så kan tuppen av giveren være skadet.
Den blanke kula på giverens tupp skal være lett å trykke inn.

Når du monterer den nye giveren igjen må du være nøye med å justere den inn slik at den ikke løfter for høyt. Hvis du løfter helt opp med Autocontrol bryteren så må ikke hydraulikken gå helt til topps og stå der og presse. Avbryt løftet så såvidt ikke får løst ut trekkroken.","Feillampe på autocontrol blinket rødt, kode 16 og 22",16 og 22,,,true,
Traktor,Valtra,"A, C, M, N, T",2011,Elektroniske styresystemer,Varsellampe / feilkode,,"Hydraulikkfeil, feilkode fra autocontrol",Se bilde for info,,11 12 13 14 15 16 22 23 24 28 31 32 34 36,,false,,
Traktor,Valtra,"A, C, M, N, T",2008,Elektroniske styresystemer,Varsellampe / feilkode,,Traktor flytter seg ikke,Skifte eller sjekke clutch sensor,,D215 D254,,false,,
Traktor,Valtra,"A, C, M, N, T",2009,Motor,Varsellampe / feilkode,,Mistet motorkraft,"Styreboksen var for varm, skrudde av tenning i mer enn 5 sekunder så var feilen borte. Se bilde for feilkode beskrivelse",Dårlig motorkraft trekkraft,E325 E252 E253 E260 E261 E270 E271 E272 E310 E315 E316 E326,,,true,
Traktor,John Deere,6220,2002,Interiør,Elektrisk feil,"Elektrisk, displayfeil","Ikke lys i instrument panel, turteller og hastighet. (Dashbord)","Byttet to små lyspærer, 4 skruer under instrumentpanel. Tok av glass, ut med den elektriske enheten. To små pærer på baksiden øverst høyre og venstre side. Sitter bak to små plast hylser som skrus av. 

NB! 4 skruer på baksiden bør strammes varsomt pga sprø plast. ",,,false,false,,
Bil,Toyota,Hiace,2010,Drivverk,Lyd,"Drivlinje, risting",Rumling og maling ved kjøring. Ble verre med hastighet.,Defekt mellomaksel-lager. Vanlig feil på disse.,Hørtes ut som et tog passerte av og til,,true,true,true,
Bil,Toyota,Hiace,2010,Elektrisk,Instrument,"Visuelt, generelt",Speedometer sluttet å fungere,Speedometer-sensor var defekt. Kjøpte ny fra aliexpress til 400kr mot over 4000kr fra Toyota!,,,true,true,false,
Bil,Volvo,V70,2013,Bremser,Styring,"Drivlinje, risting",Plutselig kunne bilen begynne å riste. Ristet verre ved bremsing. Kunne være bra en stund. Kom plutselig tilbake.,Brems hang på foran.,Sporadisk risting i ratt og hele bilen,,true,true,true,
Skurtresker,Claas,Avero 240,2010,Treskeverk,Visuell feil,"Visuelt, generelt",Mye spill fra tresker,Anbefaler å laste ned claas sin app som heter Advisor. Veldig bra hjelp ved justering av tresker. Funker til alle merker! Se link.,Mye spill eller uren vare i tank,,true,true,true,https://advisor-claas-kgaa-mbh.en.aptoide.com/app
Traktor,John Deere,6220,2002,Drivstoffsystem,Motorfeil,"Motor, dårlig effekt","Kom opp nordbyhælla i fint driv, merka et snev av lavere effekt enn vanlig. 

Mistenkte drivstoffsystemet, merka at elektrisk fødepumpe i tanken ikke lagde lyd når tenninga er på. Denne skal gå konstant når tenninga er på. Målte strøm i kontakt men ikke liv i pumpe når testa på eksternt batteri. 

Pumpe sitter på et stag ned i drivstofftank, (skru lokk) med tank måler på seg. Under en luke i gulvet på hytte. Under gulvmatte venstre side. ","Bytta fødepumpe, hører pumpe når tenning er på. ",Hørte ikke fødepumpe i tank med tenning på,,true,true,,
Traktor,Valtra,"A, C, M, N, T",2011,Elektrisk,Klima-feil,"Klima, ingen kjøling",Ingen kjøling. Gåen sikring.,"Dro fra hverandre kontakt ved AC-kompressor. Sikringen holdt, da er ikke feilen i selve kompressorkløtsjen.
Feilen var jordfeil / hull på ledningsisolasjon ved trykkbryter.",Sikring til AC gikk,,,false,true,
ATV / UTV,Arctic Cat,650 H1,2009,Elektrisk,Elektrisk feil,"Elektrisk, lader ikke",Batteriet tømte seg fort. Målte kun 12V på batteriet med motor i gang.,"Ladespole var defekt. Var kurant å skifte, sitter bak svinghjul venstre side.",Ingen lading,,false,true,,https://youtu.be/PFs2eUoQqbc?si=WJRHT3TtMet2FR35
Traktor,Valtra,"A, C, M, N, T",2010,Elektrisk,Bevegelse/rotasjons-feil,"Gir, får ikke i gir",Traktor går ikke fremover eller bakover.,Clutch-sensor var defekt/hadde dårlig kontakt.,,d225,,false,false,https://www.facebook.com/share/p/19MKdAyzth/?mibextid=wwXIfr
Traktor,Ford,,,Mekanisk,Instrumentfeil,"Instrument, viser feil verdi",Turteller er ofte drevet av signal fra dynamo ,"Kontroller og etterstram dynamo-rem.
Kontroller ledningsforbindelse mellom turteller og dynamo.",Turteller viser ingen eller for lav verdi ,,true,,true,
Traktor,Valmet,805,1987,Motor,Lekkasje,"Lekkasje, svetting",Svettet en del olje. Trykk i bunnpanna. Røyk ut av peilepinnehull.,Tett veivhusventilasjon/oljeånding. La slange ut på siden/ut i friluft. Problem borte.,"Motor, røyk ut av peilepinnen, mye oljesvetting her og der",,,true,true,
Skurtresker,Claas,Avero 240,2010,Treskeverk,Bevegelse/rotasjons-feil,,Brytebolt til tankskrue røk av hyppig,"Justerte ned møne i bunn av tank en god del, så skruen fikk mindre korn.","Mekanisk, brytebolt til tankskrue ",,,true,true,
Traktor,Massey Ferguson,5613,2016,Elektrisk,Varsellampe / feilkode,"Varsellampe, lyser",Får gul blinkende varsellampe med bilde av traktor og PTO ved kjøring med kraftuttak,Irr og korrosjon i kontakt til hastighetsføler på PTO. Gjorde rent. Sensoren sitter til venstre for oljenivå-glasset.,Gul varsellampe PTO,,,,true,
Traktor,Claas,Arion 460,2017,Elektrisk,Varsellampe / feilkode,"Varsellampe, feilkode",Får ikke kjørt kraftuttak,Dårlig kontakt til turtallssensor på kraftuttak. Gjorde ren kontakt.,,767Fh,,,,
Traktor,Claas,Ares 577,,Elektrisk,Motorfeil,"Motor, dårlig effekt",Virket som den fikk for lite diesel,Skiftet styreenhet bak venstre lasterbrakett,,,,,,
Traktor,Claas,Ares 697,,Elektrisk,Motorfeil,"Motor, dårlig effekt",Hadde ingen feilkode. La merke til at motortemperatur var høy.,Defekt temperatursensor til motor. Den trodde motoren kokte og begrenset effekten.,,,,,,
Traktor,Claas,Ares 697,,Elektrisk,Varsellampe / feilkode,"Varsellampe, feilkode",Fikk feilkode,Var kortslutning i solenoid til kraftuttak,,342,,,,
Traktor,Valtra,T150,,Elektrisk,Hydraulikkfeil,"Hydraulikk, virker ikke",Fikk ikke senket løftearmene,Dårlig kontakt på solenoid til senk. Den satt sammen med solenoidene til tipputtakene.,,12,,,,
Traktor,Valtra,6850,,Elektrisk,Motorfeil,"Motor, ujevn gange",Går ujevnt ,Lav spenning til fødepumpe. Sjekket sikring F55 og F56. Sjekket batteri og lading. Gjorde rent og pusset.,,F283 og E211,,,,
Traktor,John Deere,6120M,2022,Miljøsystemer,Varsellampe / feilkode,"Varsellampe, feilkode",Feilkode,Adblue pumpe fryst. Måtte bytte.,,522495.09 og 5743.09,,,,
Traktor,John Deere,5090M,2013,Elektroniske styresystemer,Lyd,"Lyd, annet","Kom 2 pip, så ett og så 2 igjen. La merke til at jeg akkurat hadde rundet 1000 timer.","Det er servicevarsel.
For å nulle, sett håndgass på 1500rpm og la den stå. Start og stopp traktoren 5 ganger.
Lampetest må gå seg ferdig hver gang.",Kom pipelyd 2-1-2,,,false,true,
Traktor,John Deere,6430,,Hydraulisk,Hydraulikkfeil,"Hydraulikk, ventilfeil",Tipputtak fungerte ikke,Defekt tipputak.,,523819.09,,,false,
Traktor,John Deere,6220,2002,Frontlaster,Hydraulikkfeil,"Hydraulikk, virker ikke",Laster gikk ikke. Har lasterspaken med sikkerhetsklaff på siden.,Mikrobryter i sikkerhetsklaff var defekt.,Laster gikk ikke,,,,true,https://www.facebook.com/share/v/1CPrfX61Jx/?
Traktor,John Deere,6830,,Elektroniske styresystemer,Varsellampe / feilkode,"Varsellampe, feilkode",Declutch function not available feilmelding,"Slå på tenningen, Gå til infomeny.  Under ruten I; marker diagnosesenter. Trykk V og vent. Trykk V i minst 4 sek, slipp og trykk V i minst 4 sek,"". Marker denne. Så trykker du på ""V"" Vent mens siden laster. tryk V i minst 4 sekunder slipp og trykk  V minst 4 sekunder til. 
Du er nå logget inn som tekniker.
Linje 167 og 168 skal være 1.",,523677.14,,,,
Traktor,John Deere,6230,,Drivstoffsystem,Motorfeil,"Motor, feil trykk",Traktor gikk svært dårlig. Gikk bedre når returslange til tank ble klemt.,"Skiftet SCV-ventil på pumpa.
Del JH RE560091 hos økonomideler.",Nødmodus,,,,true,https://www.okonomi-deler.no/reservedeler/traktordeler/john-deere/jd-6330/kontrollventil-3
Traktor,Case,Maxxum 110,,Elektrisk,Varsellampe / feilkode,"Varsellampe, feilkode",Bilde av tannhjul og feilkode,Clutch pedal switch set too high,,2047,,,,
Traktor,Case,Maxxum 140,2023,Elektrisk,Varsellampe / feilkode,"Varsellampe, feilkode",Stoppet.,"Flywheel Speed Sensor. Sensor bad working. Sjekk kontakt, ledning og sensor.",,2078,,,,
Traktor,Case,Puma cvx ,,Bremser,Varsellampe / feilkode,"Varsellampe, feilkode",Ingen feil annet enn kode,Strammet parkbrems-wire,,12188,,,,
Traktor,Case,,,Elektroniske styresystemer,Varsellampe / feilkode,"Varsellampe, feilkode",Feilkode på case,Generell guide og oppslagsverk linket under!,Feilkode oppslagsverk ,,,,,https://equipmentontario.com/Fault-Codes-Diagnostics-Tool/
Skurtresker,Claas,Avero 240,2010,Skjærebord,Bevegelse/rotasjons-feil,Annet,"Plutselig heves skjærebord på ene siden, følger ikke lenger bakken. Kan komme både med og uten feilkode.","Sjekk at nivå- stag / bøyler går fritt, det hender de henger seg opp. Sjekk at nivå føler følger bevegelsen i stag / bøyle, det hender mutter faller av så de løsner.
Om feilkode og ingen av løsningene over; Koble fra og rengjør kontakter til nivåfølere, plugg de fra og til noen ganger. Ofte er det dårlig kontakt som er feilen.",Autocontour hever skjærebord på ene siden,,,true,true,
Bil,Volvo,240 Turbo,1987,Motor,Motorfeil,"Motor, annet",Ved pådrag og økende turbotrykk kuttet brått effekten og turtall falt. Gjentok seg gang på gang når man akselererte.,Den originale slangen mellom turbo og luftfilter var for myk og sugde seg sammen når turbotrykket økte. Satte inn et rør i stedet.,"Motor, kuttet ved pådrag",,true,,true,
Traktor,Valtra,N141 H,2011,Elektrisk,Girfeil,"Gir, hopper ut",Traktor går av og til i fri ved at den mister retning fram/bak. Retningspil bare blinker.,Overkoblet setebryter frem til jeg fikk tak i en ny.,,,,true,false,
Bil,Volkswagen,Golf,2007,Elektrisk,Elektrisk feil,"Elektrisk, manglende belysning","Mistet lys i venstre hovedlykt hyppig. Skiftet pære flere ganger, varte kun kort tid.","Viste seg å være dårlig kontakt i den andre kontakten på lykta, til et kretskort. Gjorde rent denne. Ingen av pærene har faktisk gått.",,,true,,,
Traktor,Massey Ferguson,5450,2010,Elektrisk,Girfeil,"Gir, får ikke i gir",Girtall blinket 2 + 4 ganger,Måtte skifte følere for girposisjon,,24,,,false,https://www.okonomi-deler.no/reservedeler/traktordeler/mf-1080-8000/mf-5450/posisjonsfoler-mg-3796579-org
Bil,Suzuki,Vitara ,2016,Elektrisk,Motorfeil,"Motor, starter ikke","Ingen feilkode. Trykket på startknapp, kun et klikk hørtes. Batterispenning var ok.",Startmotor var defekt.,Gikk ikke rundt på starter,,,,true,
Traktor,New Holland,T5 120,2017,Elektrisk,Girfeil,"Gir, får ikke i gir",Fri knapp på vendegirspak fungerte ikke.,Ledningsbrudd i spaken. Demonterte spak og loddet inn ny ledning. Kjent problem på disse.,Får ikke i fri,,,,true,
Traktor,New Holland,T6,2019,Miljøsystemer,Motorfeil,"Motor, høyt forbruk",Unormalt høyt forbruk av motorolje.,Åndingsfilter var tett. Skiftet. Forbruk normalt.,Høyt oljeforbruk,,,,true,
Traktor,New Holland,T5 120,2014,Kjøling,Klima-feil,"Klima, ingen kjøling",Mistet plutselig kjøling.,Skiftet elektrisk ventil / kran på venstre side av hytta foran.,,,,,,
Traktor,Fendt,724,2015,Miljøsystemer,Varsellampe / feilkode,"Varsellampe, feilkode","Feilkode.  A084 AdBlue module General module fault Pressure too low, Return valve fault, Limit exceeded or not reached Current value too low, Broken wire or short circuit.",Adblue-pumpe fryst. Skiftet ok.,,1D.1.12,true,,,
Traktor,Fendt,,,Elektroniske styresystemer,Varsellampe / feilkode,"Varsellampe, feilkode",,B084 hydraulikkoljenivå-sensor – Signalfel – Sensorfeil,Fendt feilkode,00.1.55,,,,https://www.truck-freeworkshop.com/fendt/fendt-ft-fault-codes/?fbclid=IwdGRjcAMkGqFleHRuA2FlbQIxMQABHmQy7KmcDi3ax-FNiax9sD6dkpae1-ENS7kT8nQ5wRc0AFbl3QPqOHXFo7E6_aem_DrkptwPBVhJn8ViqQ-zjnQ
Traktor,Fendt,,,Elektroniske styresystemer,Varsellampe / feilkode,"Varsellampe, feilkode",,A128 kontrollpanel (høyre/venstre dashbord) – Enter-knapp holdt >30s eller sluppet – Ikke operativ,Fendt feilkode,00.1.75,,,,https://www.truck-freeworkshop.com/fendt/fendt-ft-fault-codes/?fbclid=IwdGRjcAMkGqFleHRuA2FlbQIxMQABHmQy7KmcDi3ax-FNiax9sD6dkpae1-ENS7kT8nQ5wRc0AFbl3QPqOHXFo7E6_aem_DrkptwPBVhJn8ViqQ-zjnQ
Traktor,Fendt,,,Elektroniske styresystemer,Varsellampe / feilkode,"Varsellampe, feilkode",,A128 kontrollpanel (høyre/venstre dashbord) – ESC-knapp holdt >30s eller sluppet – Ikke operativ,Fendt feilkode,00.1.76,,,,https://www.truck-freeworkshop.com/fendt/fendt-ft-fault-codes/?fbclid=IwdGRjcAMkGqFleHRuA2FlbQIxMQABHmQy7KmcDi3ax-FNiax9sD6dkpae1-ENS7kT8nQ5wRc0AFbl3QPqOHXFo7E6_aem_DrkptwPBVhJn8ViqQ-zjnQ
Traktor,Fendt,,,Elektroniske styresystemer,Varsellampe / feilkode,"Varsellampe, feilkode",,A128 kontrollpanel (høyre/venstre dashbord) – Ned-knapp holdt >30s eller sluppet – Ikke operativ,Fendt feilkode,00.1.78,,,,https://www.truck-freeworkshop.com/fendt/fendt-ft-fault-codes/?fbclid=IwdGRjcAMkGqFleHRuA2FlbQIxMQABHmQy7KmcDi3ax-FNiax9sD6dkpae1-ENS7kT8nQ5wRc0AFbl3QPqOHXFo7E6_aem_DrkptwPBVhJn8ViqQ-zjnQ
Traktor,Fendt,,,Elektroniske styresystemer,Varsellampe / feilkode,"Varsellampe, feilkode",,A128 kontrollpanel (høyre/venstre dashbord) – Opp-knapp holdt >30s eller sluppet – Ikke operativ,Fendt feilkode,00.1.77,,,,https://www.truck-freeworkshop.com/fendt/fendt-ft-fault-codes/?fbclid=IwdGRjcAMkGqFleHRuA2FlbQIxMQABHmQy7KmcDi3ax-FNiax9sD6dkpae1-ENS7kT8nQ5wRc0AFbl3QPqOHXFo7E6_aem_DrkptwPBVhJn8ViqQ-zjnQ
Traktor,Fendt,,,Elektroniske styresystemer,Varsellampe / feilkode,"Varsellampe, feilkode",,B060 trykkluftsensor (krets 1) – Vakuumfeil inntil neste kaldstart – 4WD koblet inn,Fendt feilkode,00.1.A8,,,,https://www.truck-freeworkshop.com/fendt/fendt-ft-fault-codes/?fbclid=IwdGRjcAMkGqFleHRuA2FlbQIxMQABHmQy7KmcDi3ax-FNiax9sD6dkpae1-ENS7kT8nQ5wRc0AFbl3QPqOHXFo7E6_aem_DrkptwPBVhJn8ViqQ-zjnQ
Traktor,Fendt,,,Elektroniske styresystemer,Varsellampe / feilkode,"Varsellampe, feilkode",,B017 cluthpedal sensor signalfeil. Ingen cruise control funksjon.,Fendt feilkode,04.1.04,,,,https://www.truck-freeworkshop.com/fendt/fendt-ft-fault-codes/?fbclid=IwdGRjcAMkGqFleHRuA2FlbQIxMQABHmQy7KmcDi3ax-FNiax9sD6dkpae1-ENS7kT8nQ5wRc0AFbl3QPqOHXFo7E6_aem_DrkptwPBVhJn8ViqQ-zjnQ
Traktor,Fendt,,,Elektroniske styresystemer,Varsellampe / feilkode,"Varsellampe, feilkode",,B055 fotgass sensor signalfeil.,Fendt feilkode,04.1.06,,,,https://www.truck-freeworkshop.com/fendt/fendt-ft-fault-codes/?fbclid=IwdGRjcAMkGqFleHRuA2FlbQIxMQABHmQy7KmcDi3ax-FNiax9sD6dkpae1-ENS7kT8nQ5wRc0AFbl3QPqOHXFo7E6_aem_DrkptwPBVhJn8ViqQ-zjnQ
Traktor,Fendt,,,Elektroniske styresystemer,Varsellampe / feilkode,"Varsellampe, feilkode",,"A100 armlene signalfeil, EEPROM checksum er feil eller ikke kalibrert gasspedal potensiometer",Fendt feilkode,04.1.20,,,,https://www.truck-freeworkshop.com/fendt/fendt-ft-fault-codes/?fbclid=IwdGRjcAMkGqFleHRuA2FlbQIxMQABHmQy7KmcDi3ax-FNiax9sD6dkpae1-ENS7kT8nQ5wRc0AFbl3QPqOHXFo7E6_aem_DrkptwPBVhJn8ViqQ-zjnQ
Traktor,Fendt,,,Elektroniske styresystemer,Varsellampe / feilkode,"Varsellampe, feilkode",,"A100 armlene feilaktig joystick-signal ""Tempomat cruise control ON""",Fendt feilkode,04.1.23,,,,https://www.truck-freeworkshop.com/fendt/fendt-ft-fault-codes/?fbclid=IwdGRjcAMkGqFleHRuA2FlbQIxMQABHmQy7KmcDi3ax-FNiax9sD6dkpae1-ENS7kT8nQ5wRc0AFbl3QPqOHXFo7E6_aem_DrkptwPBVhJn8ViqQ-zjnQ
Traktor,Fendt,,,Elektroniske styresystemer,Varsellampe / feilkode,"Varsellampe, feilkode",,"S080 håndbrems signalfeil, feil på tilbakemeldingsbryter",Fendt feilkode,04.1.24,,,,https://www.truck-freeworkshop.com/fendt/fendt-ft-fault-codes/?fbclid=IwdGRjcAMkGqFleHRuA2FlbQIxMQABHmQy7KmcDi3ax-FNiax9sD6dkpae1-ENS7kT8nQ5wRc0AFbl3QPqOHXFo7E6_aem_DrkptwPBVhJn8ViqQ-zjnQ
Traktor,Fendt,,,Elektroniske styresystemer,Hydraulikk,"Hydraulikk, ventilfeil","X står for ventilnummer, Y for feilbeskjed. Eksempel 0A.1.10 = Ventil 1 - CAN feil / kommunikasjonsfeil","Y kan være siffer 1-F (hex). 0 = CAN-feil / 1 = minnefeil (EEPROM) / 2 = Underspenning (<8V) / 3 = Overspenning (>18V) / 4 = Ventilbevegelse stopper, f.eks kald olje eller trykkfall. / 5 = Høy overspenning (>45V) / 6 = Endeposisjonsfeil i pilotventil. / 7 = Posisjonsgiver feil. / 8 = Ventil går ikke tilbake til nøytral (uren olje, slitasje etc.) / 9 = Ventil ikke i nøytral når den aktiveres (uren olje, slitasje etc.) / A = Ventilposisjon utenfor område. / B = Flytposisjon ikke nådd. / C = Manuell aktivering. / D = Pilotkontroll-aktuator sitter fast. / E = RAM eller FLASH-minne feil. / F = Potensiometerfeil, feil på signal (settpunktmelding eller konfigurasjon).",Fendt feilkode,0A.1.XY,,,,https://www.truck-freeworkshop.com/fendt/fendt-ft-fault-codes/?fbclid=IwdGRjcAMkGqFleHRuA2FlbQIxMQABHmQy7KmcDi3ax-FNiax9sD6dkpae1-ENS7kT8nQ5wRc0AFbl3QPqOHXFo7E6_aem_DrkptwPBVhJn8ViqQ-zjnQ
Traktor,Fendt,,,Elektroniske styresystemer,Varsellampe / feilkode,"Varsellampe, feilkode",,"B055 fotgass-sensor, feil kalibrert eller feil på signal",Fendt feilkode,04.1.EC og 1D.2.06,,,,https://www.truck-freeworkshop.com/fendt/fendt-ft-fault-codes/?fbclid=IwdGRjcAMkGqFleHRuA2FlbQIxMQABHmQy7KmcDi3ax-FNiax9sD6dkpae1-ENS7kT8nQ5wRc0AFbl3QPqOHXFo7E6_aem_DrkptwPBVhJn8ViqQ-zjnQ
Traktor,Fendt,,,Elektroniske styresystemer,Varsellampe / feilkode,"Varsellampe, feilkode",,"B017 clutchpedal-sensor, feil kalibrert eller feil på signal",Fendt feilkode,04.1.ED,,,,https://www.truck-freeworkshop.com/fendt/fendt-ft-fault-codes/?fbclid=IwdGRjcAMkGqFleHRuA2FlbQIxMQABHmQy7KmcDi3ax-FNiax9sD6dkpae1-ENS7kT8nQ5wRc0AFbl3QPqOHXFo7E6_aem_DrkptwPBVhJn8ViqQ-zjnQ
Traktor,Fendt,,,Elektroniske styresystemer,Varsellampe / feilkode,"Varsellampe, feilkode",,"B009 temperatursensor, transmisjonsolje >95°c",Fendt feilkode,04.2.51,,,,https://www.truck-freeworkshop.com/fendt/fendt-ft-fault-codes/?fbclid=IwdGRjcAMkGqFleHRuA2FlbQIxMQABHmQy7KmcDi3ax-FNiax9sD6dkpae1-ENS7kT8nQ5wRc0AFbl3QPqOHXFo7E6_aem_DrkptwPBVhJn8ViqQ-zjnQ
Traktor,Fendt,,,Elektroniske styresystemer,Varsellampe / feilkode,"Varsellampe, feilkode",,"B009 temperatursensor, transmisjonsolje >105°c",Fendt feilkode,04.2.52,,,,https://www.truck-freeworkshop.com/fendt/fendt-ft-fault-codes/?fbclid=IwdGRjcAMkGqFleHRuA2FlbQIxMQABHmQy7KmcDi3ax-FNiax9sD6dkpae1-ENS7kT8nQ5wRc0AFbl3QPqOHXFo7E6_aem_DrkptwPBVhJn8ViqQ-zjnQ
Traktor,Fendt,,,Elektroniske styresystemer,Varsellampe / feilkode,"Varsellampe, feilkode",,"A050 ECU A100, armlene, feil på CAN kommunikasjon mellom e-box og joystick",Fendt feilkode,04.1.94,,,,https://www.truck-freeworkshop.com/fendt/fendt-ft-fault-codes/?fbclid=IwdGRjcAMkGqFleHRuA2FlbQIxMQABHmQy7KmcDi3ax-FNiax9sD6dkpae1-ENS7kT8nQ5wRc0AFbl3QPqOHXFo7E6_aem_DrkptwPBVhJn8ViqQ-zjnQ
Traktor,Fendt,,,Elektroniske styresystemer,Varsellampe / feilkode,"Varsellampe, feilkode",,"B017 cluchpedal-sensor S074, endebryter-feil, sannsynlighetsfeil på elektrisk clutchpedal",Fendt feilkode,04.1.8A,,,,https://www.truck-freeworkshop.com/fendt/fendt-ft-fault-codes/?fbclid=IwdGRjcAMkGqFleHRuA2FlbQIxMQABHmQy7KmcDi3ax-FNiax9sD6dkpae1-ENS7kT8nQ5wRc0AFbl3QPqOHXFo7E6_aem_DrkptwPBVhJn8ViqQ-zjnQ
Traktor,Fendt,,,Elektroniske styresystemer,Varsellampe / feilkode,"Varsellampe, feilkode",,"A100 armlene, feil på joystick",Fendt feilkode,04.1.84,,,,https://www.truck-freeworkshop.com/fendt/fendt-ft-fault-codes/?fbclid=IwdGRjcAMkGqFleHRuA2FlbQIxMQABHmQy7KmcDi3ax-FNiax9sD6dkpae1-ENS7kT8nQ5wRc0AFbl3QPqOHXFo7E6_aem_DrkptwPBVhJn8ViqQ-zjnQ
Traktor,Fendt,,,Miljøsystemer,Motorfeil,"Motor, dårlig effekt",,"B102 Adblue temperatursensor, kan være lavt nivå",Fendt feilkode,1D.0.40,,,,https://www.truck-freeworkshop.com/fendt/fendt-ft-fault-codes/?fbclid=IwdGRjcAMkGqFleHRuA2FlbQIxMQABHmQy7KmcDi3ax-FNiax9sD6dkpae1-ENS7kT8nQ5wRc0AFbl3QPqOHXFo7E6_aem_DrkptwPBVhJn8ViqQ-zjnQ
Traktor,Fendt,,,Miljøsystemer,Motorfeil,"Motor, dårlig effekt",,"Adblue, dårlig kvalitet",Fendt feilkode,1D.0.42 og 1D.1.31,,,,https://www.truck-freeworkshop.com/fendt/fendt-ft-fault-codes/?fbclid=IwdGRjcAMkGqFleHRuA2FlbQIxMQABHmQy7KmcDi3ax-FNiax9sD6dkpae1-ENS7kT8nQ5wRc0AFbl3QPqOHXFo7E6_aem_DrkptwPBVhJn8ViqQ-zjnQ
Traktor,Fendt,,,Miljøsystemer,Motorfeil,"Motor, dårlig effekt",,"A099 styreenhet motor, feil Adblue ""conversion rate""",Fendt feilkode,1D.0.44 og 1D.2.45,,,,https://www.truck-freeworkshop.com/fendt/fendt-ft-fault-codes/?fbclid=IwdGRjcAMkGqFleHRuA2FlbQIxMQABHmQy7KmcDi3ax-FNiax9sD6dkpae1-ENS7kT8nQ5wRc0AFbl3QPqOHXFo7E6_aem_DrkptwPBVhJn8ViqQ-zjnQ
Traktor,Fendt,,,Miljøsystemer,Motorfeil,"Motor, dårlig effekt",,"A099 styreenhet motor, manipulering av SCR",Fendt feilkode,1D.0.46 og 1D.2.47,,,,https://www.truck-freeworkshop.com/fendt/fendt-ft-fault-codes/?fbclid=IwdGRjcAMkGqFleHRuA2FlbQIxMQABHmQy7KmcDi3ax-FNiax9sD6dkpae1-ENS7kT8nQ5wRc0AFbl3QPqOHXFo7E6_aem_DrkptwPBVhJn8ViqQ-zjnQ
Traktor,Fendt,,,Elektroniske styresystemer,Varsellampe / feilkode,"Varsellampe, feilkode",,"B086 railtrykk, feil trykk",Fendt feilkode,1D.0.62,,,,https://www.truck-freeworkshop.com/fendt/fendt-ft-fault-codes/?fbclid=IwdGRjcAMkGqFleHRuA2FlbQIxMQABHmQy7KmcDi3ax-FNiax9sD6dkpae1-ENS7kT8nQ5wRc0AFbl3QPqOHXFo7E6_aem_DrkptwPBVhJn8ViqQ-zjnQ
Traktor,Fendt,,,Elektroniske styresystemer,Varsellampe / feilkode,"Varsellampe, feilkode",,B090 Lavt trykk motorolje,Fendt feilkode,1D.0.A1,,,,https://www.truck-freeworkshop.com/fendt/fendt-ft-fault-codes/?fbclid=IwdGRjcAMkGqFleHRuA2FlbQIxMQABHmQy7KmcDi3ax-FNiax9sD6dkpae1-ENS7kT8nQ5wRc0AFbl3QPqOHXFo7E6_aem_DrkptwPBVhJn8ViqQ-zjnQ
Traktor,Fendt,,,Elektroniske styresystemer,Varsellampe / feilkode,"Varsellampe, feilkode",,"B090 Feil trykk motorolje, feil på sensor eller ledningsbrudd",Fendt feilkode,1D.1.01,,,,https://www.truck-freeworkshop.com/fendt/fendt-ft-fault-codes/?fbclid=IwdGRjcAMkGqFleHRuA2FlbQIxMQABHmQy7KmcDi3ax-FNiax9sD6dkpae1-ENS7kT8nQ5wRc0AFbl3QPqOHXFo7E6_aem_DrkptwPBVhJn8ViqQ-zjnQ
Traktor,Fendt,,,Elektroniske styresystemer,Varsellampe / feilkode,"Varsellampe, feilkode",,"B087 Feil trykk drivstoff, feil på sensor eller lednignsbrudd",Fendt feilkode,1D.1.02,,,,https://www.truck-freeworkshop.com/fendt/fendt-ft-fault-codes/?fbclid=IwdGRjcAMkGqFleHRuA2FlbQIxMQABHmQy7KmcDi3ax-FNiax9sD6dkpae1-ENS7kT8nQ5wRc0AFbl3QPqOHXFo7E6_aem_DrkptwPBVhJn8ViqQ-zjnQ
Traktor,Fendt,,,Elektroniske styresystemer,Varsellampe / feilkode,"Varsellampe, feilkode",,"B092 Feil temperatur ladetrykk (turbo), feil på sensor eller ledningsbrudd",Fendt feilkode,1D.1.03 og 1D.1.21 og 1D.1.65 og 1D.1.7C,,,,https://www.truck-freeworkshop.com/fendt/fendt-ft-fault-codes/?fbclid=IwdGRjcAMkGqFleHRuA2FlbQIxMQABHmQy7KmcDi3ax-FNiax9sD6dkpae1-ENS7kT8nQ5wRc0AFbl3QPqOHXFo7E6_aem_DrkptwPBVhJn8ViqQ-zjnQ
Traktor,Fendt,,,Elektroniske styresystemer,Varsellampe / feilkode,"Varsellampe, feilkode",,"B086 railtrykk, feil på sensor eller ledningsbrudd",Fendt feilkode,1D.1.04 og 1D.1.60,,,,https://www.truck-freeworkshop.com/fendt/fendt-ft-fault-codes/?fbclid=IwdGRjcAMkGqFleHRuA2FlbQIxMQABHmQy7KmcDi3ax-FNiax9sD6dkpae1-ENS7kT8nQ5wRc0AFbl3QPqOHXFo7E6_aem_DrkptwPBVhJn8ViqQ-zjnQ
Traktor,Fendt,,,Elektroniske styresystemer,Varsellampe / feilkode,"Varsellampe, feilkode",,"B089 Feil temperatur motor kjølevann, feil på sensor eller ledningsbrudd",Høy temperatur kjølevann,1D.1.05 og 1D.1.A5,,,,https://www.truck-freeworkshop.com/fendt/fendt-ft-fault-codes/?fbclid=IwdGRjcAMkGqFleHRuA2FlbQIxMQABHmQy7KmcDi3ax-FNiax9sD6dkpae1-ENS7kT8nQ5wRc0AFbl3QPqOHXFo7E6_aem_DrkptwPBVhJn8ViqQ-zjnQ
Traktor,Fendt,,,Elektroniske styresystemer,Varsellampe / feilkode,"Varsellampe, feilkode",,B085 feil på sensor eller ledningsbrudd til motorens hastighetssensor (kamakselsensor B085 eller svinghjulssensor B088),Fendt feilkode,1D.1.07,,,,https://www.truck-freeworkshop.com/fendt/fendt-ft-fault-codes/?fbclid=IwdGRjcAMkGqFleHRuA2FlbQIxMQABHmQy7KmcDi3ax-FNiax9sD6dkpae1-ENS7kT8nQ5wRc0AFbl3QPqOHXFo7E6_aem_DrkptwPBVhJn8ViqQ-zjnQ
Traktor,Fendt,,,Elektroniske styresystemer,Varsellampe / feilkode,"Varsellampe, feilkode",,"B085 kamakselsensor eller B088 svinghjulssensor, overhastighet / overturtall motor",Fendt feilkode,1D.1.0A,,,,https://www.truck-freeworkshop.com/fendt/fendt-ft-fault-codes/?fbclid=IwdGRjcAMkGqFleHRuA2FlbQIxMQABHmQy7KmcDi3ax-FNiax9sD6dkpae1-ENS7kT8nQ5wRc0AFbl3QPqOHXFo7E6_aem_DrkptwPBVhJn8ViqQ-zjnQ
Traktor,Fendt,,,Elektroniske styresystemer,Varsellampe / feilkode,"Varsellampe, feilkode",,S034 lavt kjølevæske nivå,Fendt feilkode,1D.1.0D,,,,https://www.truck-freeworkshop.com/fendt/fendt-ft-fault-codes/?fbclid=IwdGRjcAMkGqFleHRuA2FlbQIxMQABHmQy7KmcDi3ax-FNiax9sD6dkpae1-ENS7kT8nQ5wRc0AFbl3QPqOHXFo7E6_aem_DrkptwPBVhJn8ViqQ-zjnQ
Traktor,Fendt,,,Miljøsystemer,Varsellampe / feilkode,"Varsellampe, feilkode",,B102 Adblue feil temperatur,Fendt feilkode,1D.1.10,,,,https://www.truck-freeworkshop.com/fendt/fendt-ft-fault-codes/?fbclid=IwdGRjcAMkGqFleHRuA2FlbQIxMQABHmQy7KmcDi3ax-FNiax9sD6dkpae1-ENS7kT8nQ5wRc0AFbl3QPqOHXFo7E6_aem_DrkptwPBVhJn8ViqQ-zjnQ
Traktor,Fendt,,,Miljøsystemer,Varsellampe / feilkode,"Varsellampe, feilkode",,"Y120 Adblue måleventil, ingen sirkulasjon av kjølevæske",Fendt feilkode,1D.1.11,,,,https://www.truck-freeworkshop.com/fendt/fendt-ft-fault-codes/?fbclid=IwdGRjcAMkGqFleHRuA2FlbQIxMQABHmQy7KmcDi3ax-FNiax9sD6dkpae1-ENS7kT8nQ5wRc0AFbl3QPqOHXFo7E6_aem_DrkptwPBVhJn8ViqQ-zjnQ
Traktor,Fendt,,,Miljøsystemer,Varsellampe / feilkode,"Varsellampe, feilkode",,"A084 Adblue modul, generell feil, for lavt trykk, ledningsbrudd eller kortslutning til trykkgiver",Fendt feilkode,1D.1.12,,,,https://www.truck-freeworkshop.com/fendt/fendt-ft-fault-codes/?fbclid=IwdGRjcAMkGqFleHRuA2FlbQIxMQABHmQy7KmcDi3ax-FNiax9sD6dkpae1-ENS7kT8nQ5wRc0AFbl3QPqOHXFo7E6_aem_DrkptwPBVhJn8ViqQ-zjnQ
Traktor,Fendt,,,Miljøsystemer,Varsellampe / feilkode,"Varsellampe, feilkode",,"A082 NOx-sensor 1, foran SCR, CAN-feil til sensor",Fendt feilkode,1D.1.13,,,,https://www.truck-freeworkshop.com/fendt/fendt-ft-fault-codes/?fbclid=IwdGRjcAMkGqFleHRuA2FlbQIxMQABHmQy7KmcDi3ax-FNiax9sD6dkpae1-ENS7kT8nQ5wRc0AFbl3QPqOHXFo7E6_aem_DrkptwPBVhJn8ViqQ-zjnQ
Traktor,Fendt,,,Miljøsystemer,Varsellampe / feilkode,"Varsellampe, feilkode",,"A083 NOx-sensor 2, etter SCR, CAN-feil til sensor",Fendt feilkode,1D.1.14,,,,https://www.truck-freeworkshop.com/fendt/fendt-ft-fault-codes/?fbclid=IwdGRjcAMkGqFleHRuA2FlbQIxMQABHmQy7KmcDi3ax-FNiax9sD6dkpae1-ENS7kT8nQ5wRc0AFbl3QPqOHXFo7E6_aem_DrkptwPBVhJn8ViqQ-zjnQ
Traktor,Fendt,,,Miljøsystemer,Varsellampe / feilkode,"Varsellampe, feilkode",,"For 700-serie: B236, høy eksostemperatur etter SCR, ledningsbrudd eller kortslutning / For 500-serie: B244",Fendt feilkode,1D.1.15 og 1D.1.4C,,,,https://www.truck-freeworkshop.com/fendt/fendt-ft-fault-codes/?fbclid=IwdGRjcAMkGqFleHRuA2FlbQIxMQABHmQy7KmcDi3ax-FNiax9sD6dkpae1-ENS7kT8nQ5wRc0AFbl3QPqOHXFo7E6_aem_DrkptwPBVhJn8ViqQ-zjnQ
Traktor,Fendt,,,Elektroniske styresystemer,Varsellampe / feilkode,"Varsellampe, feilkode",,SCR katalysator-feil eller dårlig Adblue-kvalitet,Fendt feilkode,1D.1.16,,,,https://www.truck-freeworkshop.com/fendt/fendt-ft-fault-codes/?fbclid=IwdGRjcAMkGqFleHRuA2FlbQIxMQABHmQy7KmcDi3ax-FNiax9sD6dkpae1-ENS7kT8nQ5wRc0AFbl3QPqOHXFo7E6_aem_DrkptwPBVhJn8ViqQ-zjnQ
Traktor,Fendt,,,Elektroniske styresystemer,Varsellampe / feilkode,"Varsellampe, feilkode",,"A099 motor styreenhet, melder feil på injektorer",Fendt feilkode,1D.1.17 og 1D.1.76,,,,https://www.truck-freeworkshop.com/fendt/fendt-ft-fault-codes/?fbclid=IwdGRjcAMkGqFleHRuA2FlbQIxMQABHmQy7KmcDi3ax-FNiax9sD6dkpae1-ENS7kT8nQ5wRc0AFbl3QPqOHXFo7E6_aem_DrkptwPBVhJn8ViqQ-zjnQ
Traktor,Fendt,,,Elektroniske styresystemer,Varsellampe / feilkode,"Varsellampe, feilkode",,"S047 motorbrems Y170 solenoid-ventil eller bryter, ledningsbrudd eller kortslutning",Fendt feilkode,1D.1.20,,,,https://www.truck-freeworkshop.com/fendt/fendt-ft-fault-codes/?fbclid=IwdGRjcAMkGqFleHRuA2FlbQIxMQABHmQy7KmcDi3ax-FNiax9sD6dkpae1-ENS7kT8nQ5wRc0AFbl3QPqOHXFo7E6_aem_DrkptwPBVhJn8ViqQ-zjnQ
Traktor,Fendt,,,Motor,Varsellampe / feilkode,"Varsellampe, feilkode",,B004 tett luftfilter,Fendt feilkode,1D.1.22,,,,https://www.truck-freeworkshop.com/fendt/fendt-ft-fault-codes/?fbclid=IwdGRjcAMkGqFleHRuA2FlbQIxMQABHmQy7KmcDi3ax-FNiax9sD6dkpae1-ENS7kT8nQ5wRc0AFbl3QPqOHXFo7E6_aem_DrkptwPBVhJn8ViqQ-zjnQ
Traktor,Fendt,,,Motor,Motorfeil,"Motor, starter ikke",,"Feil på injection-system, problem med å starte motor",Fendt feilkode,1D.1.24,,,,https://www.truck-freeworkshop.com/fendt/fendt-ft-fault-codes/?fbclid=IwdGRjcAMkGqFleHRuA2FlbQIxMQABHmQy7KmcDi3ax-FNiax9sD6dkpae1-ENS7kT8nQ5wRc0AFbl3QPqOHXFo7E6_aem_DrkptwPBVhJn8ViqQ-zjnQ
Traktor,Fendt,,,Miljøsystemer,Varsellampe / feilkode,"Varsellampe, feilkode",,"Adblue modul E216, sirkulasjonskrets varme, krets fryst eller tett, feil trykk eller temperatur",Fendt feilkode,1D.1.25,,,,https://www.truck-freeworkshop.com/fendt/fendt-ft-fault-codes/?fbclid=IwdGRjcAMkGqFleHRuA2FlbQIxMQABHmQy7KmcDi3ax-FNiax9sD6dkpae1-ENS7kT8nQ5wRc0AFbl3QPqOHXFo7E6_aem_DrkptwPBVhJn8ViqQ-zjnQ
Traktor,Fendt,,,Elektroniske styresystemer,Varsellampe / feilkode,"Varsellampe, feilkode",,"For høy temperatur etter turbo, ledningsbrudd eller kortslutning",Fendt feilkode,1D.1.29,,,,https://www.truck-freeworkshop.com/fendt/fendt-ft-fault-codes/?fbclid=IwdGRjcAMkGqFleHRuA2FlbQIxMQABHmQy7KmcDi3ax-FNiax9sD6dkpae1-ENS7kT8nQ5wRc0AFbl3QPqOHXFo7E6_aem_DrkptwPBVhJn8ViqQ-zjnQ
Traktor,Fendt,,,Elektroniske styresystemer,Varsellampe / feilkode,"Varsellampe, feilkode",,"A136 wastegate, feil å CAN-kommunikasjon",Fendt feilkode,1D.1.30,,,,https://www.truck-freeworkshop.com/fendt/fendt-ft-fault-codes/?fbclid=IwdGRjcAMkGqFleHRuA2FlbQIxMQABHmQy7KmcDi3ax-FNiax9sD6dkpae1-ENS7kT8nQ5wRc0AFbl3QPqOHXFo7E6_aem_DrkptwPBVhJn8ViqQ-zjnQ
Traktor,Fendt,,,Elektroniske styresystemer,Varsellampe / feilkode,"Varsellampe, feilkode",,"B191 eksosgass trykk etter turbo for høy, ledningsbrudd eller kortslutning",Fendt feilkode,1D.1.37,,,,https://www.truck-freeworkshop.com/fendt/fendt-ft-fault-codes/?fbclid=IwdGRjcAMkGqFleHRuA2FlbQIxMQABHmQy7KmcDi3ax-FNiax9sD6dkpae1-ENS7kT8nQ5wRc0AFbl3QPqOHXFo7E6_aem_DrkptwPBVhJn8ViqQ-zjnQ
Traktor,Fendt,,,Miljøsystemer,Varsellampe / feilkode,"Varsellampe, feilkode",,"A099 feil verdier fra SCR, utslippskrav ikke overholdt",Fendt feilkode,1D.1.AA og 1D.1.AB og 1D.1.AC,,,,https://www.truck-freeworkshop.com/fendt/fendt-ft-fault-codes/?fbclid=IwdGRjcAMkGqFleHRuA2FlbQIxMQABHmQy7KmcDi3ax-FNiax9sD6dkpae1-ENS7kT8nQ5wRc0AFbl3QPqOHXFo7E6_aem_DrkptwPBVhJn8ViqQ-zjnQ
Traktor,Fendt,,,Elektroniske styresystemer,Varsellampe / feilkode,"Varsellampe, feilkode",,"A099 motor styreenhet, feil på spenningsforsyning",Fendt feilkode,1D.1.B2,,,,https://www.truck-freeworkshop.com/fendt/fendt-ft-fault-codes/?fbclid=IwdGRjcAMkGqFleHRuA2FlbQIxMQABHmQy7KmcDi3ax-FNiax9sD6dkpae1-ENS7kT8nQ5wRc0AFbl3QPqOHXFo7E6_aem_DrkptwPBVhJn8ViqQ-zjnQ
Traktor,Fendt,,,Elektroniske styresystemer,Bremsefeil,"Brems, motorbrems virker ikke",,"Y170, motorbrems, feil på ventil",Fendt feilkode,1D.1.B5 og 1D.1.B6,,,,https://www.truck-freeworkshop.com/fendt/fendt-ft-fault-codes/?fbclid=IwdGRjcAMkGqFleHRuA2FlbQIxMQABHmQy7KmcDi3ax-FNiax9sD6dkpae1-ENS7kT8nQ5wRc0AFbl3QPqOHXFo7E6_aem_DrkptwPBVhJn8ViqQ-zjnQ
Traktor,Fendt,,,Elektroniske styresystemer,Varsellampe / feilkode,"Varsellampe, feilkode",,"A099 motor styreenhet, CANbus-feil",Fendt feilkode,1D.1.BA,,,,https://www.truck-freeworkshop.com/fendt/fendt-ft-fault-codes/?fbclid=IwdGRjcAMkGqFleHRuA2FlbQIxMQABHmQy7KmcDi3ax-FNiax9sD6dkpae1-ENS7kT8nQ5wRc0AFbl3QPqOHXFo7E6_aem_DrkptwPBVhJn8ViqQ-zjnQ
Traktor,Fendt,,,Drivstoffsystem,Varsellampe / feilkode,"Varsellampe, feilkode",,"B091 vann i diesel detektert, kan også være ledningsbrudd eller kortslutning til sensor",Fendt feilkode,1D.2.1A,,,,https://www.truck-freeworkshop.com/fendt/fendt-ft-fault-codes/?fbclid=IwdGRjcAMkGqFleHRuA2FlbQIxMQABHmQy7KmcDi3ax-FNiax9sD6dkpae1-ENS7kT8nQ5wRc0AFbl3QPqOHXFo7E6_aem_DrkptwPBVhJn8ViqQ-zjnQ
Traktor,Valtra,,,Elektroniske styresystemer,Varsellampe / feilkode,"Varsellampe, feilkode",,Feil i elektrisk krets til clutch- eller gasspedal. Traktoren kan normalt kjøres. Clutchpedal må betjenes ved retningsendring.,Valtra feilkode,A128,,,,
Traktor,Valtra,,,Elektroniske styresystemer,Instrument,"Instrument, viser feil verdi",,Feil på drivstoffsensor. Tanknivå vises feil.,Valtra feilkode,A192 og A293,,,,
Traktor,Valtra,,,Drivstoffsystem,Motorfeil,"Motor, dårlig effekt",,Feil i drivstoffsystem. Turtall begrenset til 1500rpm.,Valtra feilkode,A215,,,,
Traktor,Valtra,,,Elektroniske styresystemer,Motorfeil,"Motor, dårlig effekt",,"Feil motorens styresystem. Kjøring kan fortsette, men verksted må kontaktes snarest. Kan få reduksjon i kraft, mye eksos etc.",Valtra feilkode,A236,,,,
Traktor,Valtra,,,Elektroniske styresystemer,Motorfeil,"Motor, dårlig effekt",,"Feil verdi på girolje-temperatur. Kan kjøre midlertidig videre, men clutch må betjenes ved retningsendring.",Valtra feilkode,A311 og A312,,,,
Traktor,Valtra,,,Drivstoffsystem,Motorfeil,"Motor, dårlig effekt",,"Feil fra drivstoffpumpe. Kan kjøre midlertidig videre, men clutch må betjenes ved retningsendring.",Valtra feilkode,A313,,,,
Traktor,Valtra,,,Elektroniske styresystemer,Varsellampe / feilkode,"Varsellampe, feilkode",,Feil på clutchpedal. Videre kjøring kan ødelegge transmisjonen. Ikke belast traktoren.,Valtra feilkode,A314,,,,
Traktor,Valtra,,,Elektroniske styresystemer,Varsellampe / feilkode,"Varsellampe, feilkode",,For lav batterispenning. Elektronikk kan skades!,Valtra feilkode,A326,,,,
Traktor,Valtra,,,Elektroniske styresystemer,Varsellampe / feilkode,"Varsellampe, feilkode",,For lav batterispenning til motorens ECU. Sjekk sikring F55 og F56. Sjekk batteri og dynamo.,Valtra feilkode,A327 og A390,,,,
Traktor,Valtra,,,Elektroniske styresystemer,Varsellampe / feilkode,"Varsellampe, feilkode",,For lav batterispenning til dieselpumpe. Sjekk sikring F55 og F56. Sjekk batteri og dynamo.,Valtra feilkode,A330 og A331 og E211 og E212 og E214,,,,
Traktor,Valtra,,,Elektroniske styresystemer,Motorfeil,"Motor, annet",Feil på gasspedal. Traktor går på tomgang.,Stopp motoren. Start motoren UTEN å røre gasspedal. Traktoren kan kjøres med håndgass. Gasspedal potensiometer må skiftes.,Valtra feilkode,A343,,,,
Traktor,Valtra,,,Drivstoffsystem,Motorfeil,"Motor, dårlig effekt",,For mye vann i drivstoff. Drener vannutskillere.,Valtra feilkode,A335,,,,
Traktor,Valtra,,,Kjøling,Motorfeil,"Motor, dårlig effekt",,For varm lufttemperatur motor. Rengjør kjølere / radiator.,Valtra feilkode,A334,,,,
Traktor,Valtra,,,Kjøling,Motorfeil,"Motor, dårlig effekt",,Feil på temperatursensor for innsugstemperatur.,Valtra feilkode,A332 og A333,,,,
Traktor,Valtra,,,Kjøling,Motorfeil,"Motor, dårlig effekt",,"Feil på temperatursensor for kjølevæske. Kan også være for varm kjølevæske. Motor kan skades om kjøring fortsetter, om temperatur faktisk er for høy.",Valtra feilkode,A340 og A341,,,,
Traktor,Valtra,,,Elektroniske styresystemer,Motorfeil,"Motor, dårlig effekt",,Feil på motorens styresystem. Traktor går kun på tomgang.,Valtra feilkode,A345,,,,
Traktor,Valtra,,,Elektroniske styresystemer,Elektrisk feil,"Elektrisk, annet",,Feil på sensor for fremhjulenes posisjon. Diff-sperre fungerer ikke.,Valtra feilkode,A348,,,,
Traktor,Valtra,,,Elektroniske styresystemer,Elektrisk feil,"Elektrisk, annet",,Feil på håndgass. Sett håndgass i 0. Stopp og start motor. Bruk kun fotgass.,Valtra feilkode,A350,,,,
Traktor,Valtra,,,Elektroniske styresystemer,Varsellampe / feilkode,"Varsellampe, feilkode",,Feil på clutchpedal bak (venbar førerplass). Videre kjøring kan ødelegge transmisjonen. Ikke belast traktoren.,Valtra feilkode,A351 og A365,,,,
Traktor,Valtra,,,Motor,Varsellampe / feilkode,"Varsellampe, feilkode",,"Lavt oljetrykk motor, eller feil på oljetrykksgiver. Videre kjøring kan skade motoren.",Valtra feilkode,A354 og A355 og A356,,,,
Traktor,Valtra,,,Motor,Varsellampe / feilkode,"Varsellampe, feilkode",,Feil på turbotrykksgiver eller for høyt turbotrykk.,Valtra feilkode,A357 og A358,,,,
Traktor,Valtra,,,Elektroniske styresystemer,Elektrisk feil,"Elektrisk, feil spenning",,"For lav batterispenning. Kan ødelegge elektronikk. Sjekk batteri, lading og jording.",Valtra feilkode,A390,,,,
Traktor,Valtra,,,Elektroniske styresystemer,Motorfeil,"Motor, dårlig effekt",,Feil i motorens styreenhet. Begrenset effekt.,Valtra feilkode,C131 og C132,,,,
Traktor,Valtra,,,Elektroniske styresystemer,Motorfeil,"Motor, starter ikke",,Feil i motorens styreenhet. Motorstopp. Slå av tenning 5 sekunder og prøv igjen.,Valtra feilkode,C233 og E124,,,,
Traktor,Valtra,,,Elektroniske styresystemer,Motorfeil,"Motor, dårlig effekt",,Feil i traktorens elektriske anlegg. Feilen må bli funnet snarest.,Valtra feilkode,C240-249 og C295 og C296 og C297,,,,
Traktor,Valtra,,,Elektroniske styresystemer,Motorfeil,"Motor, dårlig effekt",,Feil på motorens styreenhet eller drivstoffpumpe.,Valtra feilkode,C330,,,,
Traktor,Valtra,,,Elektroniske styresystemer,Varsellampe / feilkode,"Varsellampe, feilkode",,Kalibrering av hastighetssensorer mangler C80. Kontakt Valtra servicemann.,Valtra feilkode,C930 - C945,,,,
Traktor,Valtra,,,Gir,Girfeil,"Gir, får ikke i gir",,Feil på powershift-knapper.,Valtra feilkode,d116,,,,
Traktor,Valtra,,,PTO,PTO-feil,"PTO, starter ikke",,Feil på brytere til PTO-spak.,Valtra feilkode,d118,,,,
Traktor,Valtra,,,Elektrisk,Elektrisk feil,"Elektrisk, annet",,Feil på kretsen til håndbrekket.,Valtra feilkode,d127,,,,
Traktor,Valtra,,,Elektrisk,Elektrisk feil,"Elektrisk, annet",,Feil på powershift programmeringsknapp (under vendegir),Valtra feilkode,d129,,,,
Traktor,Valtra,,,PTO,PTO-feil,"PTO, starter ikke",,Feil på startknapp for PTO.,Valtra feilkode,d130,,,,
Traktor,Valtra,,,Elektrisk,Girfeil,"Gir, vanskelig å gire","d215 fremme, d254 clucth bak (vendbar førerplass)","Feil på clutchpedalen. Kjøring kan forsøkes ved bruk av vendegir, uten å bruke pedal.",Valtra feilkode,d133 og d215 og d254,,,,
Traktor,Valtra,,,Elektrisk,Drivverk feil,Annet,,Feil på bryter til 4wd,Valtra feilkode,d188,,,,
Traktor,Valtra,,,Elektrisk,Drivverk feil,Annet,,Feil på bryter til diff-sperre,Valtra feilkode,d189,,,,
Traktor,Valtra,,,Elektroniske styresystemer,Motorfeil,"Motor, dårlig effekt",,Feil på motorens styreenhet. Motor kan være vanskelig å stoppe.,Valtra feilkode,E213,,,,
Traktor,Valtra,,,Elektroniske styresystemer,Motorfeil,"Motor, dårlig effekt",,Feil på drivstoffpumpe. Redusert kraft. Skru av motor mer enn 5 sekunder og prøv igjen. Drivstoffpumpe kan være defekt.,Valtra feilkode,E217 E218 E219 E222,,,,
Traktor,Valtra,,,Elektroniske styresystemer,Varsellampe / feilkode,"Varsellampe, feilkode",,Feil på vendegirspak.,Valtra feilkode,d117 d123,,,,
Traktor,Valtra,,,Elektroniske styresystemer,Varsellampe / feilkode,"Varsellampe, feilkode",,"Feil i traktorens elektriske anlegg. Feilen må bli funnet snarest, men traktoren kan brukes midlertidig videre.",Valtra feilkode,E227 E228 E229 E230 E231 E235 E236,,,,
Traktor,Valtra,,,Elektroniske styresystemer,Varsellampe / feilkode,"Varsellampe, feilkode",,Feil i traktorens elektriske anlegg. Traktoren kan ikke startes.,Valtra feilkode,E233 E234,,,,
Traktor,Valtra,,,Elektroniske styresystemer,Varsellampe / feilkode,"Varsellampe, feilkode",,"Feil i styreenhet for girkasse. Hvis feilen kommer tilbake etter at tenninga har vært av i mer enn 5 sekunder, kontakt valtra servicemann før du kjører videre.",Valtra feilkode,E250 E251 E252 E253,,,,
Traktor,Valtra,,,Elektroniske styresystemer,Varsellampe / feilkode,"Varsellampe, feilkode",,Feil i styreenhet for girkasse. Traktoren er i nødmodus for å beskytte transmisjonen.,Valtra feilkode,E244 E245 E246 E247 E248 E249 F322,,,,
Traktor,Valtra,,,Elektroniske styresystemer,Varsellampe / feilkode,"Varsellampe, feilkode",,Feil i motorens styreenhet. Begrenset effekt eller ingen start.,Valtra feilkode,E260 E261 E270 E271 E272 E325 E326 E327 E328 F283 F284,,,,
Traktor,Valtra,,,Elektroniske styresystemer,Varsellampe / feilkode,"Varsellampe, feilkode",,Motorens styreenhet for varm. Stopp og la den kjøle seg ned og forsøk igjen.,Valtra feilkode,E310,,,,
Traktor,Valtra,,,Elektroniske styresystemer,Varsellampe / feilkode,"Varsellampe, feilkode",,Feil i transmisjonens hastighetssensorer.,Valtra feilkode,F320 F321 F324,,,,
Traktor,Valtra,,,Elektroniske styresystemer,Motorfeil,"Motor, dårlig effekt",,Hastighetssensor motor gir feil/ugyldig verdi.,Valtra feilkode,F342,,,,
Traktor,Valtra,,,Elektroniske styresystemer,Varsellampe / feilkode,"Varsellampe, feilkode",,Feil i motorens styresystem eller drivstoffpumpe.,Valtra feilkode,L250 L360 P233 P234,,,,
Traktor,Valtra,,,Elektroniske styresystemer,Varsellampe / feilkode,"Varsellampe, feilkode",,"Feil i motorens styresystem, drivstofftilførsel eller drivstoffpumpe. Sjekk batteri og starter tilstand. Feilen kan komme av luft i diesel.",Valtra feilkode,L254 L256,,,,
Traktor,Valtra,,,Drivstoffsystem,Motorfeil,"Motor, starter ikke",,For lavt drivstofftrykk etter filtre. Sjekk at det er diesel i tanken. Sjekk fødepumpe og sikring F54. Sjekk at filtre ikke er tilstoppet.,Valtra feilkode,L302 L353,,,,
Traktor,Valtra,,,Elektroniske styresystemer,Varsellampe / feilkode,"Varsellampe, feilkode",,"Overhastighet traktor! Kan være feil på sensor, eller traktoren har vært kjørt for fort.",Valtra feilkode,L334,,,,
Traktor,Valtra,,,Elektroniske styresystemer,Varsellampe / feilkode,"Varsellampe, feilkode",,"Overturtall motor. Overrusing. Kan være feil på sensor, eller traktoren har hatt for høyt turtall.",Valtra feilkode,L335 L336,,,,
Traktor,Valtra,,,Motor,Varsellampe / feilkode,"Varsellampe, feilkode",,Lavt oljetrykk motor. Ikke start motoren.,Valtra feilkode,L337 L338,,,,
Traktor,Valtra,,,Motor,Motorfeil,"Motor, høy temperatur",,For høy kjølevæsketemperatur. Traktoren koker. Rengjør radiatorer. Sjekk kjølevæskenivå.,Valtra feilkode,L345 L346,,,,
Traktor,Valtra,,,Motor,Motorfeil,"Motor, dårlig effekt",,For lavt ladetrykk fra turbo. Sjekk luftfilter. Sjekk turbo.,Valtra feilkode,L351,,,,
Traktor,Valtra,,,Motor,Motorfeil,"Motor, dårlig effekt",,Luft i drivstoffsystemet.,Valtra feilkode,L359,,,,
Traktor,Valtra,,,PTO,PTO-feil,"PTO, ujevn gange",,PTO slurer.,Valtra feilkode,L419,,,,
Traktor,Valtra,,,Gir,Girfeil,"Girfeil, annet",,Powershift slurer. Sjekk sikring F22.,Valtra feilkode,L422,,,,
Traktor,Valtra,,,Gir,Girfeil,"Girfeil, annet",,Clutch for 4WD slurer.,Valtra feilkode,L449,,,,
Traktor,Valtra,,,Gir,Girfeil,"Gir, får ikke i gir",Feil i ventiler til powershift.,"ventiler som sitter under ei luke midt i hyttegolvet, løsne golvmatta ved dørene og under dash, løft matta bakover mot førerstolen. Under lokket er det et lokk til, da kommer du ned på to like magnetventiler. Den høyre ventilen (nærmest girspaken) er Y4. (P1). Prøv bytte om på de to magnetene, ikke bytt om ledninger! Hvis feilkoden nå endrer seg til P102 er selve magneten defekt. Hvis du fortsatt får P101 er det feil i ledningsnettet mellom ventilen og databoksen inni høyre sidepanel i hytta",Valtra feilkode,P101 P103 P105,,,,
Traktor,Valtra,,,Gir,Girfeil,"Gir, får ikke i gir",,Feil i ventiler til vendegir.,Valtra feilkode,P107 P109,,,,
Traktor,Valtra,,,PTO,PTO-feil,"PTO, starter ikke",,Feil i ventil for innkobling av PTO.,Valtra feilkode,P125,,,,
Traktor,Valtra,,,Elektrisk,Varsellampe / feilkode,"Varsellampe, feilkode",,Feil i motorens startkrets. Ny oppstart kan kanskje ikke foretas.,Valtra feilkode,P131,,,,
Traktor,Claas,Arion,,Elektrisk,Girfeil,"Gir, får ikke i gir",Bare piper når vendegir settes fremover. Går bakover.,Det var bryter i vendegirspaken som jukset. Fikk traktor fremover ved å klemme spaken ekstra ned når den stod fremover.,,,,,false,
Traktor,Case,,,Elektroniske styresystemer,Navigasjonsfeil,"Navigasjon, styrer ikke",Rattmotor kuttet ut med feilmelding Controller error. Trimble EZ-steer ,Feil på hjulvinkelgiver og tilhørende kabel.,"Rattmotor koblet ut, controller error",,true,,true,
Traktor,Massey Ferguson,,,Elektroniske styresystemer,Navigasjonsfeil,"Navigasjon, styrer ikke",Får feilmelding på terrengkompensering. Styring opphører. Trimble EZ-steer.,Skiftet børster i rattmotor! Motor var svak.,Feilmelding på terrengkompensering,,true,,true,
Traktor,Valtra,,,Elektroniske styresystemer,Navigasjonsfeil,"Navigasjon, ingen signal","AgOpenGPS. 4G modem på usb mot rtk. Rett som det var kom AgIO frem med røde symbol på antenne, ratt osv.
Merket ikke at den sluttet å styre før traktor var på tur.. Skjedde helt tilfeldig av og til.",Problemet ble borte når jeg flyttet 4G-modem til andre siden av hytta med en usb forlenger-kabel. Virker som 4G-modemet slo ut kommunikasjonen! Hold det langt unna kabler og styreboks.,Mistet kontakt mellom skjerm og gps boks,,true,,true,
Traktor,Valtra,,,Elektroniske styresystemer,Hydraulikkfeil,"Varsellampe, feilkode",Blinker 1 - 6,"Forsyning på pinne 2 og 20 til kontrollenhet for lav. Forsyning til potensiometer, dybdekontroll osv. 9,5 volt ikke ok.",Autocontrol,16,,,true,
Traktor,Valtra,,,Elektroniske styresystemer,Hydraulikkfeil,"Hydraulikk, virker ikke",Løfter ikke. Blinker 1-1,"Dårlig kontakt til eller feil på solenoid for løft. Dårlig kontakt i pinne 35 i stor kontakt. Lav spenning på pinne 29, sjekk sikring.",Autocontrol,11,,,true,
Traktor,Valtra,,,Elektroniske styresystemer,Hydraulikkfeil,"Hydraulikk, virker ikke",Går ikke ned. Blinker 1-2,Feil på eller dårlig kontakt til solenoid til senk. Sjekk sikring og spenning på pin 29 i stor kontakt. Dårlig kontakt i pinne 35.,Autocontrol,12,,,true,
Traktor,Valtra,,,Elektroniske styresystemer,Hydraulikkfeil,"Hydraulikk, virker ikke",Blinker 1-3.,Kortslutning (overstrøm) mellom pin 19 og 35 eller 35 og 37 i stor kontakt. Solenoid kan være kortsluttet.,Autocontrol,13,,,true,
Traktor,Valtra,,,Elektroniske styresystemer,Hydraulikkfeil,"Hydraulikk, virker ikke",Blinker 1-4,"Solenoid for hev/senk drar ingen strøm. Kan være dårlig kontakt i pinne 19, 35 eller 37 til solenoider eller feil spenning inn på pinne 29, fra sikring.",Autocontrol,14,,,true,
Traktor,Valtra,,,Elektroniske styresystemer,Hydraulikkfeil,"Hydraulikk, virker ikke",Blinker 1-5,Feil på trykknappen for hev/senk.,Autocontrol ,15,,,true,
Traktor,Valtra,,,Elektroniske styresystemer,Hydraulikkfeil,"Hydraulikk, virker ikke",Blinker 1-7,"Overspenning, mer enn 18V inn på autocontrol",Autocontrol ,17,,,true,
Traktor,Valtra,,,Elektroniske styresystemer,Hydraulikkfeil,"Hydraulikk, virker ikke",Blinker 1-8,Signal fra bryter mangler eller er feil. Sjekk pinne 21 i stor kontakt. Dårlig kontakt eller brudd til bryter.,Autocontrol ,18,,,true,
Traktor,Massey Ferguson,165 MP,1971,Elektrisk,Elektrisk feil,"Elektrisk, mangler spenning","Vred om hovedstrømbryter. Var ælldeles svart, overalt. ",Fjernet irr på plusspolen til startbatteriet. God som ny. Går i mange år til. ,Ikke strøm ut av hovedstrømbryter. ,,true,true,true,
Traktor,Valtra,,,Elektroniske styresystemer,Hydraulikkfeil,"Hydraulikk, løfter ikke",Blinker 2-3,Feil på potensiometer for dybde (stort hjul). Brudd eller feil på signal.,Autocontrol,23,,,true,
Traktor,Valtra,,,Elektroniske styresystemer,Hydraulikkfeil,"Hydraulikk, virker ikke",Blinker 2-4,Feil på signal fra vribryter for maks løftehøyde / transporthøyde,Autocontrol ,24,,,true,
Traktor,Valtra,,,Elektroniske styresystemer,Hydraulikkfeil,"Hydraulikk, virker ikke",Blinker 3-3,"For lav spenning, under 11,5 volt inn på styreboks ",Autocontrol ,33,,,true,
Traktor,Valtra,,,Elektroniske styresystemer,Hydraulikkfeil,"Hydraulikk, virker ikke",Blinker 3-4,Feil på signal fra vribryter for senkehastighet,Autocontrol ,34,,,true,
Traktor,Valtra,,,Elektroniske styresystemer,Hydraulikkfeil,"Hydraulikk, virker ikke",Blinker 3-6,"Feil signal fra vribryter for slip-control (løft ved hjulspinn, høyre bryter)",Autocontrol ,36,,,true,
Traktor,Valtra,,,Elektroniske styresystemer,Hydraulikkfeil,"Hydraulikk, virker ikke",Blinker 3-6,Feil på signal fra vribryter til automatisk dybderegulering (pløye-funksjon),Autocontrol ,36,,,true,
Traktor,Valtra,,,Hydraulisk,Hydraulikkfeil,"Hydraulikk, ujevn bevegelse",Blinker 3-7. lite løftekraft,"Sjekk at løfte solenoid drar strøm, pinne 37 i stor kontakt. Kan være feil på ventil, skitt i ventil eller lavt oljetrykk. Kommando gis, men ingen respons gir denne koden.",Autocontrol feilkode,37,,,true,
Traktor,John Deere,6220,,Bremser,Bremsefeil,"Brems, feil på parkeringsbrems","Når girspak settes i P, er traktoren fortsatt i fri. Ingen motstand i spak.",Stag nr 22 på bildet hadde falt av.,Park (P) fungerte ikke,,,,true,
Traktor,Valtra,,,Motor,Varsellampe / feilkode,"Varsellampe, feilkode",Lavt oljetrykk,"Sjekk oljenivå og tilstanden til oljen (temperatur, renhet, viskositet etc.) Sjekk oljefilter. Sjekk motorens tilstand, spon i olja? Sjekk kabling til oljetrykksgiver. Test en annen oljetrykksgiver for å se om den kan være defekt. Sjekk at tomgangsturtall er høyt nok.",Valtra feilkode,SPN 100 FMI 1 eller SPN 100 FMI 18,,,,
Traktor,Valtra,,,Motor,Varsellampe / feilkode,"Varsellampe, feilkode",Høyt oljetrykk,Sjekk oljetrykkets trykkreguleringsventil iht. servicemanual. Sjekk kabling og tilkobling til oljetrykksgiver. ,Valtra feilkode,SPN 100 FMI 16,,,,
Traktor,Valtra,,,Elektrisk,Varsellampe / feilkode,"Varsellampe, feilkode",Oljetrykksgiver defekt,Sjekk kabling og tilkobling til oljetrykksgiver. Sjekk 5V forsyning til giver.,Valtra feilkode,SPN 100 FMI 31,,,,
Traktor,Valtra,,,Elektrisk,Varsellampe / feilkode,"Varsellampe, feilkode","Oljetrykksgiver, lav spenning",Sjekk kabling og tilkobling til oljetrykksgiver. Sjekk 5V forsyning til giver. Forsøk en annen trykkgiver.,Valtra feilkode,SPN 100 FMI 4,,,,
Traktor,Valtra,,,Motor,Varsellampe / feilkode,"Varsellampe, feilkode",Ladetrykk for høyt,Sjekk kabling til ladetrykksgiver. Test en annen giver. Sjekk at turbo og innsprøytningsdyser er originale.,Valtra feilkode,SPN 100 FMI 16,,,,
Traktor,Valtra,,,Motor,Varsellampe / feilkode,"Varsellampe, feilkode",Ladetrykk for lavt,Sjekk ladetrykkskretsen for lekkasjer. Sjekk tilstanden til turboen; går den lett rundt og er lekkasjefri? Sjekk kabling til ladetrykksgiver. Test en annen giver.,Valtra feilkode,SPN 100 FMI 18,,,,
Traktor,Massey Ferguson,,,Gir,Varsellampe / feilkode,"Varsellampe, feilkode",Lavt trykk. Ikke noe signal når motorturtall er over 500rpm,Sjekk nivå og evt lekkasjer. Sjekk tilkobling og ledninger til trykkvakt. Trykkgiver kan være defekt. Se bilder!,,T153,,,,
Traktor,Massey Ferguson,,,Bremser,Varsellampe / feilkode,"Varsellampe, feilkode",Feilkode og varsellampe,"Feilkode T138 = Braking pressure less than 70 bar at initialisation.
Feilkode T139 = Braking pressure is less than 70 bar for more than 2 seconds during operation.
Sjekk bremsevæskenivå, evt. lekkasjer og bremsenes funksjon.",,T138 T139,,,,
Traktor,Massey Ferguson,,,Bremser,Varsellampe / feilkode,"Varsellampe, feilkode",Feilkode og varsellampe,"Feilkode sier: Braking pressure too high. Sjekk sensorer i bremsekrets, bremsevæskenivå.",,T140,,,,
Traktor,Massey Ferguson,,,Elektrisk,PTO-feil,"PTO, starter ikke",Feilkode og varsellampe. PTO vil ikke gå.,"Feilkode T141 = Rear PTO solenoid valve, short circuit +12V.
Feilkode T142 = ... short circuit 0V
Feilkode T143 = ... open circuit (brudd)

Sjekk spoleventil og tilhørende kabling. Sjekk kontaktpunkter for korrosjon eller dårlig kontakt.",,T141 T142 T143,,,,
Traktor,Massey Ferguson,,,Elektroniske styresystemer,PTO-feil,"PTO, kobler ut",Kraftuttak stopper,"Feilkode T144 = Excessive drop in engine speed
Feilkode T146 = Engine speed too high (>1780rpm in eco PTO)",,T144 T146,,,,
Traktor,Massey Ferguson,,,Elektrisk,Varsellampe / feilkode,"Varsellampe, feilkode",Feilkode og varsellampe,Feilkode T149 = High Pressure braking sensor power supply problem. Sjekk bremsetrykksensor for feil eller dårlig elektrisk forbindelse.,,T149,,,,
Traktor,Case,Maxxum 5120,1993,Elektrisk,Girfeil,"Gir, hopper ut",Fridde ut av og til ved bruk av hurtiggear 3 og 4.,"Skiftet 1 stk. solenoid for hurtiggear, under hytta foran høyre bakhjul.",,,,,,
Traktor,Valtra,T171,,Hydraulisk,Varsellampe / feilkode,"Varsellampe, feilkode","Danfoss feilkode, relatert til hydraulikk. Tipputtak. Koden sier at ventilen ikke kommer seg tilbake i nøytral. Kan være flere årsaker, mest sannsynlig mekanisk.","Feilkodetekst sier: Sjekk for smuss i mekanisk del av ventil, spesielt rundt spolen. Det sitter også et filter i pilot-inngangen som kan være blokkert. Hvis dette ikke hjelper, bytt ventil.",,298991 07,,,,
Traktor,John Deere,6930,,Motor,Varsellampe / feilkode,"Varsellampe, feilkode",Redusert motorkraft og feilkode,"Mulige årsaker til 2795.07
	•	Defekt turboaktuator: Aktuatoren som styrer bevegelsen til turboens variable geometri­skovler kan være defekt.
	•	Problemer med VGT-posisjonssensor: Feil med sensoren som forteller motorstyringsenheten (ECU) turboens posisjon kan utløse denne feilkoden.
	•	Karbonoppbygging: Oppsamling av karbon i turbinhuset kan hindre bevegelsen av VGT-mekanismen.
	•	Elektriske problemer: Skadde eller korroderte ledninger, defekte elektriske styringer eller problemer med kabelnettet kan føre til denne feilen.
	•	Problemer med vakuumslanger: Dersom turboen bruker en vakuumstyrt aktuator, kan lekkasjer eller feil i vakuumslangene forårsake feilen.

Feilsøkingssteg
	1.	Sjekk turbo­mekanismen: Når motoren er kald, trykk manuelt på turboens mekaniske kobling for å kontrollere at den beveger seg jevnt fra stopp til stopp og går tilbake til utgangsposisjon av seg selv.
	2.	Inspiser aktuatoren: Kontroller at turboaktuatoren beveger seg som den skal, og at de elektriske tilkoblingene er sikre og uten korrosjon.
	3.	Undersøk VGT-sensor og ledninger: Inspiser VGT-posisjonssensoren og tilhørende kabelnett for tegn på skade eller korrosjon.
	4.	Kontroller vakuumslanger (hvis aktuelt): Dersom maskinen bruker en vakuumstyrt aktuator, kontroller alle vakuumslanger for lekkasjer eller dårlige tilkoblinger.",Turbo,2795.07,,,true,https://www.justanswer.com/agriculture-and-farm-equipment/f6hr0-edu-2795-07-turbocharger-position-actuator-fault-8310r.html#:~:text=*%20Turbocharger%20actuator%20malfunctioning.%20*%20Engine%20not%20responding%20properly.
Traktor,John Deere,6R,2023,Miljøsystemer,Varsellampe / feilkode,"Varsellampe, feilkode",Tekst på skjerm: Dieseleksosvæskekonsentrasjon svært lav. Tapp og erstatt væsken.,"Adblue hadde krystallisert seg. Hadde på Tunap 987.

Fra hjemmesiden:
Med Tunap 987 eliminerer man enkelt problemet med krystallisering. En liten tilsetning i AdBlue-tanken gir beskyttelse mot krystallisering så lenge tanken varer",,3516.01,,,,
Traktor,Massey Ferguson,,,Hydraulisk,Varsellampe / feilkode,"Varsellampe, feilkode","Feilkoder for hhv. LS2, 3, 4, 5 range 1, 2, 3, 4 solenoid valve.",Feilkode sier brudd på krets til eller kortslutning/jordfeil på krets til solenoider.,,T132 T133 T134 T135,,,,
Traktor,Massey Ferguson,,,Gir,Varsellampe / feilkode,"Varsellampe, feilkode",PowerShuttle eller PowerShift modul.,Feilkodeteksten sier >10% slip mellom motorturtall og «intermediate speed»,,T137,,,,
Traktor,Massey Ferguson,,,Elektrisk,Varsellampe / feilkode,"Varsellampe, feilkode",Feilkode,"Feil på hastighetsgiver for motorturtall, ingen verdi. Sjekk giver og tilkobling.",,T214,,,,
Traktor,Massey Ferguson,,,Elektrisk,Varsellampe / feilkode,"Varsellampe, feilkode",Feilkode,TR11 low pressure switch. Ingen signal fra trykkgiver. Feilkode T = transmisjon,,T253,,,,
Traktor,Massey Ferguson,,,Elektroniske styresystemer,Varsellampe / feilkode,"Varsellampe, feilkode","238-242: TR26 dyna6 solenoid ventil P.
243-247 solenoid ventil L.
248-252 solenoid ventil N.","Alle feilkodene listet indikerer kortslutning, brudd eller overstrøm til respektive ventil.",,T238 T239 T240 T241 T242 T243 T244 T245 T246 T247 T248 T249 T250 T251 T252,,,,
Traktor,Massey Ferguson,135,,Drivstoffsystem,Lekkasje,"Lekkasje, drivstoff",Diesel i olja,Fødepumpa lakk gjennom. Overhalte den med rep kit fra Olsson parts.,Diesel i olja,,,,true,
Traktor,Valmet,805,1987,Elektrisk,Motorfeil,"Motor, starter ikke",Skjedde ingenting når jeg prøvde å starte. Alt av instrumenter var døde.,Åpnet sikringsboksen under rattet. Leet litt på alle sikringer. Oppdaget at ene sikringsholder var litt løs. Skrudde til denne på stjerneskruen der. Alt ok. Kjent feil på 05-serien at det blir dårlig kontakt i sikringene.,Helt dødt,,,true,true,
Traktor,Valmet,805,1987,Elektrisk,PTO-feil,"PTO, starter ikke",Pto gikk ikke rundt!,Dårlig kontakt i sikringsboksen under rattet! Gjorde at elektrisk pto-clutch ikke fungerte. Leet på kontakter og gjorde de rene med elektrospray.,,,,true,,
Traktor,Claas,Arion,,Drivstoffsystem,Motorfeil,"Motor, dårlig effekt",Mistet motoreffekt.,"Feilkode sier blant annet: Sjekk slanger og koblinger i dieselforsyning. Sjekk dieselfilter. Sjekk drivstofftrykk-sensor B42.
Årsaken til feilkoden er «feil trykk i common rail».

Ble bra når jeg skiftet dieselfilter.",,ID7776h,,,,
Traktor,Claas,Arion,,Elektrisk,Drivverk feil,Annet,Feilkode. Fikk ikke i gir.,"Potensiometer på clutchpedal defekt.

Se bilde for feilkodetekst.
",Fikk ikke flyttet traktoren,ID75D6h,,,true,
Traktor,Claas,Arion,,Elektroniske styresystemer,Elektrisk feil,,,Modul merket (A100) var defekt. Dette er kontrolleren til armlenet.,Armlene fungerer ikke,ID7502h,,,,
Traktor,Claas,Arion,,Elektroniske styresystemer,Elektrisk feil,"Elektrisk, annet",Armlene ute av funksjon. Etter omstart av traktoren var kun gir B1 og C1 tilgjengelig.,Feilkodetekst sier at feilen kan ligge i kjørespak (R74) eller sturemodul (A100) til armlene.,,ID7504h ID7505h,,false,false,
Traktor,Claas,Arion,,Elektroniske styresystemer,Instrumentfeil,"Instrument, fungerer ikke",Håndgass fungerte ikke,"Defekt potmeter til håndgass.
Feilkodetekst sier: For høy spenning (06) til eller for lav spenning (07) fra/til håndgass.
Sjekk (R72) potmeter eller styreenhet (A100) til armlene.",,ID7506h ID7507h,,,,
Traktor,Claas,Arion,,PTO,PTO-feil,"PTO, kobler ut",PTO fungerte ikke,"Feilkodebeskrivelsen sier feil på signal fra PTO hastighetssensor (B142), altså at PTO slurer. Det kan også være feil på turtallsensor for motor (B228-1), men det er mindre sannsynlig.",,ID7680h,,,,
Traktor,Claas,Arion,,Elektrisk,PTO-feil,"PTO, kobler ut",PTO stopper/starter ikke,"Feilkodetekst for 81 = brudd til PTO solenoid, 82 = 12V kortslutning, 83 = jordfeil til PTO solenoid.
Sjekk etter feil på ledninger til PTO solenoid.
Sjekk etter feil på selve PTO solenoiden ved f.eks å ohme den for brudd eller sette 12V på den og sjekke at den blir magnetisk.",,ID7681h ID7682h ID7683h,,,,
Traktor,Claas,Arion,,PTO,Varsellampe / feilkode,"Varsellampe, feilkode",PTO stoppet,"Årsak er at motorturtall faller for mye ved innkobling.
Kan være et mekanisk problem med innkoblingsmekanismen til PTO, eller overbelastning (for tungt)",,ID7684h,,,,
Traktor,Claas,Arion,,PTO,Varsellampe / feilkode,"Varsellampe, feilkode",Fikk feilkode ved kjøring av PTO,"Feilkode sier at ""clutchtid for PTO er for lang"". Årsak kan være hastighetssensor til PTO (B142), PTO clutchen i seg selv eller solenoidventil Y325.
Det kan også være lavt hydraulisk trykk eller for lite motorturtall.",,ID7689h,,,,
Traktor,Massey Ferguson,,2012,Gir,Girfeil,"Gir, får ikke i gir","Feilkode girkasse. Feilkodetekst: T125 – Several switch signals (NC: 0 V) at the same time
X488 – Range 1 switch
X489 – Range 2 switch
X490 – Range 3 switch
X491 – Range 4 switch",Dårlig kontakt til sensor/bryter nr 1. Gjorde ren kontakter. Se bilder i kilde.,,T125,,,,https://thefarmingforum.co.uk/index.php?threads/mf-6480-dyna-6-error-code.31838/
Traktor,Massey Ferguson,,2013,Elektrisk,Girfeil,"Gir, får ikke i gir","Feilkodetekst sier: T124 – Range sensors and solenoid valves do not correspond
Range solenoid valve
Range position sensor",Sjekk kontakter til solenoider for hurtiggear. Se kilde.,,T124,,,,https://d1hu4133i4rt3z.cloudfront.net/attachments/942/942082-b3eeac1748df82ca289c11303e7ca18a.pdf
Traktor,John Deere,1140,1981,Elektrisk,Motorfeil,"Motor, tungstartet",Alltid veldig tungstartet. Måtte bruke motorvarmer året rundt.,Starter gikk for sakte rundt. Monterte grøvre ledninger til batteriet og gjorde rent jordingspunkter.,,,true,,,
Traktor,Valtra,N141,2012,Frontlaster,Hydraulikkfeil,"Hydraulikk, løfter ikke","Frontlaster Ålø Q56.
Gikk rykkete oppover i starten. Ble etterhvert svakere og svakere.
Til slutt fungerte kun tilt.",Servoventil i sentralen var defekt.,,,true,,false,
Traktor,Valtra,N141 H,2012,Frontlaster,Varsellampe / feilkode,"Varsellampe, lyser",Servicesymbol.,Kvitteres ut ved å holde knapp 2 og 4 inne i 5 sekunder.,"Servicesymbol på lasterstyring (Ålø, liten tommeljoystick, easydrive)",,true,true,true,
Traktor,Claas,Axion,,Drivstoffsystem,Varsellampe / feilkode,"Varsellampe, feilkode","Feilkodetekst sier: Voltage of the signal high presence of water in the fuel.

Traktoren går som normalt.","Vann i diesel eller feil på sensor.
Check water presence sensor B225.
Check engine module A15.",,ID7718h,,,,https://d1hu4133i4rt3z.cloudfront.net/attachments/827/827261-cc1405d22d844e86e0720e07fdf480bf.pdf
Traktor,Claas,Arion,,Hydraulisk,Varsellampe / feilkode,"Varsellampe, feilkode",Feilkode.,"Axis 5 of the Electropilot cross control of the armrest is not in neutral or indicates a position other than neutral.
Cause: The electrodistributor 5 is locked. Release after return to neutral.
Check:
– Cross command Electropilot electrodistributor n° 5 (R75).",,ID780Dh,,,,https://www.alltractormanuals.com/claas/claas-error-codes/claas-hyd-a60-claas-hydraulic-module-fault-codes/
Bil,Volvo,240 740 940,1989,Elektroniske styresystemer,Varsellampe / feilkode,"Varsellampe, lyser","Hvordan lese av feilkoder på Volvo B230 motor med LH 2.4 jetronic.
På venstre fjærbenstårn sitter en svart boks med 6 hull og en ledning med plugg. Sett den i hull 2 for diagnose av innsprut, hull 6 for tenning. Sett på tenningen. Trykk inn knappen i 1s. Evt. feilkode blinker.","Felkoder bränsle:

1-1-1 Inga fel

1-1-2 Fel i styrenheten

1-1-3 Insprutningsventil fel

1-2-1 Fel i signal från luftmassmätaren

1-2-3 Signal från kylvätsketemperaturmätaren saknas

1-3-1 Varvtalssignal saknas

1-3-2 Fel batterispänning

1-3-3 Tomgångsläget på spjällkontakten fel

2-1-2 Fel på signal från lambdasonden

2-1-3 Fullastläget på spjällkontakten fel

2-2-1 Lambdaregleringen fel

2-2-3 Signal fel från tomgångsventilen

2-3-1 Lambdaregleringen fel

2-3-2 Lambdaregleringen fel

2-3-3 Tomgångsventilen fel

3-1-1 Hastighetsmätarsignal saknas

3-1-2 Signal för knackuppfettning saknas

3-2-2 Renbränning av tråden ur funktion

Felkoder tändning:

 

1-1-1 Inga fel

1-4-2 Fel i styrenhet, motorn går med nedsatt tändning

1-4-3 Fel i knackgivare, motorn går med nedsatt tändning

1-4-4 Lastsignal saknas

2-1-4 Fel i varvtalsgivare

2-2-4 Temperaturmätare felaktig

2-3-4 Fel i spjällkontakt, motorn går med nedsatt tändning",,,,,,https://www.bilforumet.no/topic/125702-feilkoder-p%C3%A5-b230f/
Bil,Alle,,,Drivstoffsystem,Varsellampe / feilkode,"Varsellampe, feilkode",Tungstartet dieselmotor,Defekt glødeplugg og/eller gløderelé ,Tungstartet,P0671 P0672 P0673 P0674,true,,true,
Bil,Alle,,,Bremser,Varsellampe / feilkode,"Varsellampe, lyser",ABS-feil. Rustet sensor og pulshjul ,Skifte defekt sensor (en ved hvert hjul) og/eller rengjøre pulsring ved hjul ,,,true,,,
Bil,BMW,320d,,Miljøsystemer,Varsellampe / feilkode,"Varsellampe, feilkode",Tett EGR-ventil,"– Rense EGR + rør
– Om nødvendig, bytte EGR",Redusert motoreffekt,P0401,true,,true,
Bil,Volkswagen,Golf 7,,Elektroniske styresystemer,Motorfeil,"Motor, tungstartet",Tungstartet når den er varm,Dårlig kamaksel-sensor,,,,,,
Bil,Volkswagen,Passat,2010,Elektrisk,Bevegelse/rotasjons-feil,Stillstand,Vindusviskere stoppet vilkårlig,"Korrosjon i vindusviskermotor. Demonterte motor, åpnet og renset den. Kunne evt. også kjøpt ny motor.",,,true,,false,
Bil,Toyota,Avensis,2013,Miljøsystemer,Motorfeil,"Motor, ujevn gange",Risting ved lett belastning ,Rense eller bytte EGR-ventil,,P1386,,,false,
Bil,Toyota,Yaris,2015,Drivstoffsystem,Motorfeil,"Motor, ujevn gange",Ujevn tomgang. Vanskelig å starte kald.,Dyserens. Injektordyser var skitne.,,,,,,
Bil,Ford,Focus MK3,,Motor,Motorfeil,"Motor, høyt forbruk",Motorlampe og forbruk av kjølevæske ,Disse bilene har en designfeil på toppen. Måtte bytte topp.,Høyt forbruk av kjølevæske,P0300 P0301,,,true,
Bil,Ford,Transit,2014,Mekanisk,Bevegelse/rotasjons-feil,Annet,Clutchpedal blir hengende,"– Bytte slavesylinder
– Luft hele systemet",,,,,,
Traktor,John Deere,,,Klimaanlegg,Varsellampe / feilkode,"Varsellampe, feilkode",Feilkode indikerer « fan motor control circuit fault». Det gjelder vifte under setet.,"Viftemotor under setet må sjekkes. Kan være sikring, kabelbrudd, eller i verste fall defekt motor.",,520715.05,,,,https://youtube.com/shorts/fzEusiiQPWY?si=RfXgyLyMjofxcDO3
Traktor,Valtra,N114,,Kjøling,Klima-feil,"Klima, ingen varme",Dårlig varmeapparat. Varmen kommer hvis motoren ruses opp.,"Det var luft i systemet. Satte traktoren med nesa opp på låvebrua, da kom varmen også på tomgang. Det er utfordrende å lufte systemet helt, men å la traktoren stå med nesa opp med litt turtall en stund kan få ut en del luft.",,,true,,,
Traktor,Valmet,702,,PTO,PTO-feil,"PTO, stopper ikke",PTO-clutchspak frir ikke ut. Kraftuttaket fortsetter å gå.,"Trå inn clutchpedal samtidig som PTO-clutch.
Klassisk sak på 02/04-serien, og er design-relatert.
",,,,,,
Traktor,Valmet,705,1987,Motor,Motorfeil,"Motor, overoppheting","Motor koker. Vannpumpe, termostat og radiator er kontrollert ok.",Viste seg å være defekt toppakning. Eksos lakk da inn i kjølevannet og varmet det opp.,,,true,,,
Traktor,Case,Maxxum 5120,1994,Kjøling,Motorfeil,"Motor, overoppheting",Motor ble varm. Dårlig kjøling.,"Radiatorlokket var utett. Varmeapparat i taket, krever mer trykk i systemet.",,,true,,,
Traktor,John Deere,6600,,Hydraulisk ekstern,Lekkasje,"Lekkasje, vann",Til stadighet vann i hydraulikkolja ,"Er en vanlig feil på disse (hele serien, 6300,6400,6800,6506 osv)
Det kommer oftest inn vann i luftinga som sitter midt oppå bakstussen, foran toppstagfestet.
Bytt ut tettenippel med en ansats og legg ut en slange. Pass på å tette ansatsen godt.",Vann i hydraulikk,,,,true,
Traktor,John Deere,5820,,Styring og oppheng,Styring,"Styring, tung styring",Veldig tung på rattet. Trodde servo var dårlig.,Defekt lager i rattstammen!,,,,,,
Traktor,Massey Ferguson,5714,2014,Elektroniske styresystemer,Girfeil,"Gir, annet","Ingen feil, men irritasjon.","Slå av automatisk forvalg.
Inn med clutch, sett vendegir framover.
Trykk vendegir mot minus, samtidig som du tar girspak i armlenenet bakover - samtidig som du OGSÅ holder inne knapp til serieskifte.
Man ser da forhåndsvalgte gir endre seg i venstre display. Hvis du holder alt bakover og knappen inne, når du til slutt OF, og da er saken løst.","Ingen feil, men den velger et forhåndsprogrammert gir ved stopp og retningsendring!",,,,true,
Traktor,Claas,Ares 697 ATZ,,Mekanisk,Instrumentfeil,"Instrument, fungerer ikke",Håndgass fungerte ikke. Spaken gikk unormalt lett.,Wire var ødelagt. Vanlig feil på denne modellen.,Håndgass fungerte ikke,,,,true,
Traktor,Ford,3000,1971,Motor,Lekkasje,"Lekkasje, vann",Kjølevann havner i motorolja.,"Syke på disse Ford-motorene, at det ruster hull. Motoren kan være tett når den er kald, men når den blir driftsvarm kommer vannet ut.
Et forebyggende tiltak er å skifte kjølevæske ofte, og bruke rett type.
Korrigerende tiltak er å bore blokka og sette inn nye sylinderforinger.",Kjølevann blir borte,,,true,true,
Parkmaskin,Stiga,Park Compact 16 4WD,2007,Drivverk,Drivverk feil,Clutch slurer,Kjente at hydrostat-pedal var rar,Wire til hydrostat var løs i festet rett under pedalen og i neste feste.,Gikk ikke fremover,,,true,true,
Traktor,Fendt,,,Ventil,PTO-feil,"PTO, starter ikke",Feilkode og 1000 tapp går ikke,"Feilkodetekst sier skift ventil Y208, men det hjalp ikke. Skiftet ventil Y028, feil løst. Ventil Y028 skulle egentlig vært feilkode med C til slutt.",1000 tappen fungerer ikke,06.1.1D,,,true,
Bil,Volvo,XC40 D3,2019,Interiør,Elektrisk feil,"Elektrisk, annet",Rattvarme kuttet ut. Sjekket sikring ok og rele ok under setet.,Måtte ha nytt ratt,,,,true,,
Bil,Volvo,XC40 D3,2019,Klimaanlegg,Klima-feil,"Klima, ingen kjøling","Ingen kjøling på førerside, men på passasjersiden var det i orden!",Temperaturføler på førerside var defekt. (To-sone klima),,,,true,,
Traktor,Massey Ferguson,5713,2015,Kjøling,Motorfeil,"Motor, overoppheting",Et høyt smell hørtes ved kjøring på vei. Etter et par kilometer stoppet traktoren med feilkode.,"Vannpumpe var ødelagt. Vifte hadde flydd av. Visstnok en vanlig feil på denne motoren, i følge mekaniker.",Stoppet,E 105,,,true,
Traktor,Valtra,N142,2011,PTO,Varsellampe / feilkode,"Varsellampe, feilkode",Feilkode når jeg starter.,Nødstopp til PTO utløst. Sjekk at den står i og evt korrosjon etc.,,8080-05-03,,,false,
Traktor,Valmet,665,1994,Ventil,Bevegelse/rotasjons-feil,Stillstand,"HiShift clutch. Pedal forblir nede.

HiShift har følgende funksjon:
Under 4km/t, pedal går sakte.
Over 4km/t går pedal raskere.
Ved betjening av knapp på vendegirspak, går pedal alltid sakte.","Ventil under hyttegulv har to spoler, en for hver hastighet på pedalen.
Den ene spolen er styrt av speedometer/hastighetssignal.

Den ene ventilen hadde satt seg. Kule nr.26 var fastrustet.",Clutch hi-shift går ikke,,,,true,
Traktor,Claas,Arion,,Elektroniske styresystemer,Varsellampe / feilkode,,"Signalspenning for distributørkontroll
  linje 5 for høy","Sjekk Electropilot elektrodistributør 5
  og MFA (A100) armlenemodul","Akse 5 av krysskommando (Electropilot)
  er inaktiv",Id7510h,,,,https://d1hu4133i4rt3z.cloudfront.net/attachments/827/827261-cc1405d22d844e86e0720e07fdf480bf.pdf
Traktor,Claas,Arion,,Elektroniske styresystemer,Varsellampe / feilkode,,Signalspenning for kryssdistributør kommando 5 for lav,"Sjekk Electropilot elektrodistributør 5 og MFA (A100)
  armlenemodul",Akse 5 av krysskommando (Electropilot) er inaktiv,Id7511h,,,,https://d1hu4133i4rt3z.cloudfront.net/attachments/827/827261-cc1405d22d844e86e0720e07fdf480bf.pdf
Traktor,Claas,Arion,,Elektroniske styresystemer,Varsellampe / feilkode,,Signalspenning for distributørkontroll linje 4 for høy,"Sjekk Electropilot elektrodistributør 4 og MFA (A100)
  armlenemodul",Akse 4 av krysskommando (Electropilot) er inaktiv,Id7512h,,,,https://d1hu4133i4rt3z.cloudfront.net/attachments/827/827261-cc1405d22d844e86e0720e07fdf480bf.pdf
Traktor,Claas,Arion,,Elektroniske styresystemer,Varsellampe / feilkode,,Signalspenning for kryssdistributør kommando 4 for lav,"Sjekk Electropilot elektrodistributør 4 og MFA (A100)
  armlenemodul",Akse 4 av krysskommando (Electropilot) er inaktiv,Id7513h,,,,https://d1hu4133i4rt3z.cloudfront.net/attachments/827/827261-cc1405d22d844e86e0720e07fdf480bf.pdf
Traktor,Claas,Arion,,Elektroniske styresystemer,Varsellampe / feilkode,,Spenning for stopp løfting for høy,Sjekk stopp løfting kontakt og MFA (A100) armlenemodul,Løfting er låst. Bruk eksterne kontroller,Id7514h,,,,https://d1hu4133i4rt3z.cloudfront.net/attachments/827/827261-cc1405d22d844e86e0720e07fdf480bf.pdf
Traktor,Claas,Arion,,Elektroniske styresystemer,Varsellampe / feilkode,,Spenning for stopp løfting for lav,Sjekk stopp løfting kontakt og MFA (A100) armlenemodul,Løfting er låst. Bruk eksterne kontroller,Id7515h,,,,https://d1hu4133i4rt3z.cloudfront.net/attachments/827/827261-cc1405d22d844e86e0720e07fdf480bf.pdf
Traktor,Claas,Arion,,Elektroniske styresystemer,Varsellampe / feilkode,,Spenning for stopp løfting inkonsekvent,Sjekk stopp løfting kontakt og MFA (A100) armlenemodul,Løfting er låst. Bruk eksterne kontroller,Id7516h,,,,https://d1hu4133i4rt3z.cloudfront.net/attachments/827/827261-cc1405d22d844e86e0720e07fdf480bf.pdf
Traktor,Claas,Arion,,Elektroniske styresystemer,Varsellampe / feilkode,,Spenning for løft opp for høy,Sjekk løft opp kontakt og MFA (A100) armlenemodul,Løft opp-modus er inaktiv,Id7517h,,,,https://d1hu4133i4rt3z.cloudfront.net/attachments/827/827261-cc1405d22d844e86e0720e07fdf480bf.pdf
Traktor,Claas,Arion,,Elektroniske styresystemer,Varsellampe / feilkode,,Spenning for løft opp for lav,Sjekk løft opp kontakt og MFA (A100) armlenemodul,Løft opp-modus er inaktiv,Id7518h,,,,https://d1hu4133i4rt3z.cloudfront.net/attachments/827/827261-cc1405d22d844e86e0720e07fdf480bf.pdf
Traktor,Claas,Arion,,Elektroniske styresystemer,Varsellampe / feilkode,,Spenning for løft opp inkonsekvent,Sjekk løft opp kontakt og MFA (A100) armlenemodul,Løft opp-modus er inaktiv,Id7519h,,,,https://d1hu4133i4rt3z.cloudfront.net/attachments/827/827261-cc1405d22d844e86e0720e07fdf480bf.pdf
Traktor,Claas,Arion,,Elektroniske styresystemer,Varsellampe / feilkode,,Spenning for løft ned for høy,Sjekk løft ned kontakt og MFA (A100) armlenemodul,Løfting er låst. Bruk eksterne kontroller,Id751Ah,,,,https://d1hu4133i4rt3z.cloudfront.net/attachments/827/827261-cc1405d22d844e86e0720e07fdf480bf.pdf
Traktor,Claas,Arion,,Elektroniske styresystemer,Varsellampe / feilkode,,Spenning for løft ned for lav,Sjekk løft ned kontakt og MFA (A100) armlenemodul,Løfting er låst. Bruk eksterne kontroller,Id751Bh,,,,https://d1hu4133i4rt3z.cloudfront.net/attachments/827/827261-cc1405d22d844e86e0720e07fdf480bf.pdf
Traktor,Claas,Arion,,Elektroniske styresystemer,Varsellampe / feilkode,,Spenning for løft ned inkonsekvent,Sjekk løft ned kontakt og MFA (A100) armlenemodul,Løfting er låst. Bruk eksterne kontroller,Id751Ch,,,,https://d1hu4133i4rt3z.cloudfront.net/attachments/827/827261-cc1405d22d844e86e0720e07fdf480bf.pdf
Traktor,Claas,Arion,,Elektroniske styresystemer,Varsellampe / feilkode,,Spenning fra Hexactiv-kontakt for høy,Sjekk Hexactiv automasjonskontakt og MFA (A100) armlenemodul,Hexactiv-funksjon er inaktiv,Id751Dh,,,,https://d1hu4133i4rt3z.cloudfront.net/attachments/827/827261-cc1405d22d844e86e0720e07fdf480bf.pdf
Traktor,Claas,Arion,,Elektroniske styresystemer,Varsellampe / feilkode,,Spenning fra Hexactiv-kontakt for lav,Sjekk Hexactiv automasjonskontakt og MFA (A100) armlenemodul,Hexactiv-funksjon er inaktiv,Id751Eh,,,,https://d1hu4133i4rt3z.cloudfront.net/attachments/827/827261-cc1405d22d844e86e0720e07fdf480bf.pdf
Traktor,Claas,Arion,,Elektroniske styresystemer,Varsellampe / feilkode,,Spenning fra Hexactiv-kontakt inkonsekvent,Sjekk Hexactiv automasjonskontakt og MFA (A100) armlenemodul,Hexactiv-funksjon er inaktiv,Id751Fh,,,,https://d1hu4133i4rt3z.cloudfront.net/attachments/827/827261-cc1405d22d844e86e0720e07fdf480bf.pdf
Traktor,Claas,Arion,,Elektroniske styresystemer,Varsellampe / feilkode,,Spenning fra girnøytral-kontakt for høy,Sjekk girnøytral kontakt og MFA (A100) armlenemodul,Girnøytral-kontakt er inaktiv,Id7520h,,,,https://d1hu4133i4rt3z.cloudfront.net/attachments/827/827261-cc1405d22d844e86e0720e07fdf480bf.pdf
Traktor,Claas,Arion,,Elektroniske styresystemer,Varsellampe / feilkode,,Spenning fra girnøytral-kontakt for lav,Sjekk girnøytral kontakt og MFA (A100) armlenemodul,Girnøytral-kontakt er inaktiv,Id7521h,,,,https://d1hu4133i4rt3z.cloudfront.net/attachments/827/827261-cc1405d22d844e86e0720e07fdf480bf.pdf
Traktor,Claas,Arion,,Elektroniske styresystemer,Varsellampe / feilkode,,Spenning fra girnøytral-kontakt inkonsekvent,Sjekk girnøytral kontakt og MFA (A100) armlenemodul,Girnøytral-kontakt er inaktiv,Id7522h,,,,https://d1hu4133i4rt3z.cloudfront.net/attachments/827/827261-cc1405d22d844e86e0720e07fdf480bf.pdf
Traktor,Claas,Arion,,Elektroniske styresystemer,Varsellampe / feilkode,,Spenning fra motorhastighetsminne 1 for høy,"Sjekk motorhastighetsminne 1 kontakt og MFA (A100)
  armlenemodul",Motorhastighetsminne 1 er inaktiv,Id7523h,,,,https://d1hu4133i4rt3z.cloudfront.net/attachments/827/827261-cc1405d22d844e86e0720e07fdf480bf.pdf
Traktor,Claas,Arion,,Elektroniske styresystemer,Varsellampe / feilkode,,Spenning fra motorhastighetsminne 1 for lav,"Sjekk motorhastighetsminne 1 kontakt og MFA (A100)
  armlenemodul",Motorhastighetsminne 1 er inaktiv,Id7524h,,,,https://d1hu4133i4rt3z.cloudfront.net/attachments/827/827261-cc1405d22d844e86e0720e07fdf480bf.pdf
Traktor,Claas,Arion,,Elektroniske styresystemer,Varsellampe / feilkode,,Spenning fra motorhastighetsminne 1 inkonsekvent,"Sjekk motorhastighetsminne 1 kontakt og MFA (A100)
  armlenemodul",Motorhastighetsminne 1 er inaktiv,Id7525h,,,,https://d1hu4133i4rt3z.cloudfront.net/attachments/827/827261-cc1405d22d844e86e0720e07fdf480bf.pdf
Traktor,Claas,Arion,,Elektroniske styresystemer,Varsellampe / feilkode,,Spenning fra motorhastighetsminne 2 for høy,"Sjekk motorhastighetsminne 2 kontakt og MFA (A100)
  armlenemodul",Motorhastighetsminne 2 er inaktiv,Id7526h,,,,https://d1hu4133i4rt3z.cloudfront.net/attachments/827/827261-cc1405d22d844e86e0720e07fdf480bf.pdf
Traktor,Claas,Arion,,Elektroniske styresystemer,Varsellampe / feilkode,,Spenning fra motorhastighetsminne 2 for lav,"Sjekk motorhastighetsminne 2 kontakt og MFA (A100)
  armlenemodul",Motorhastighetsminne 2 er inaktiv,Id7527h,,,,https://d1hu4133i4rt3z.cloudfront.net/attachments/827/827261-cc1405d22d844e86e0720e07fdf480bf.pdf
Traktor,Claas,Arion,,Elektroniske styresystemer,Varsellampe / feilkode,,Spenning fra motorhastighetsminne 2 inkonsekvent,"Sjekk motorhastighetsminne 2 kontakt og MFA (A100)
  armlenemodul",Motorhastighetsminne 2 er inaktiv,Id7528h,,,,https://d1hu4133i4rt3z.cloudfront.net/attachments/827/827261-cc1405d22d844e86e0720e07fdf480bf.pdf
Traktor,Claas,Arion,,Elektroniske styresystemer,Varsellampe / feilkode,,Spenning fra motorhastighet + for høy,Sjekk + motorhastighetskontakt og MFA (A100) armlenemodul,Motorhastighet + kontakt er inaktiv,Id7529h,,,,https://d1hu4133i4rt3z.cloudfront.net/attachments/827/827261-cc1405d22d844e86e0720e07fdf480bf.pdf
Traktor,Claas,Arion,,Elektroniske styresystemer,Varsellampe / feilkode,,Spenning fra motorhastighet + for lav,Sjekk + motorhastighetskontakt og MFA (A100) armlenemodul,Motorhastighet + kontakt er inaktiv,Id752Ah,,,,https://d1hu4133i4rt3z.cloudfront.net/attachments/827/827261-cc1405d22d844e86e0720e07fdf480bf.pdf
Traktor,Claas,Arion,,Elektroniske styresystemer,Varsellampe / feilkode,,Spenning fra motorhastighet + inkonsekvent,Sjekk + motorhastighetskontakt og MFA (A100) armlenemodul,Motorhastighet + kontakt er inaktiv,Id752Bh,,,,https://d1hu4133i4rt3z.cloudfront.net/attachments/827/827261-cc1405d22d844e86e0720e07fdf480bf.pdf
Traktor,Claas,Arion,,Elektroniske styresystemer,Varsellampe / feilkode,,Spenning fra motorhastighet - for høy,Sjekk - motorhastighetskontakt og MFA (A100) armlenemodul,Motorhastighet - kontakt er inaktiv,Id752Ch,,,,https://d1hu4133i4rt3z.cloudfront.net/attachments/827/827261-cc1405d22d844e86e0720e07fdf480bf.pdf
Traktor,Claas,Arion,,Elektroniske styresystemer,Varsellampe / feilkode,,Spenning fra motorhastighet - for lav,Sjekk - motorhastighetskontakt og MFA (A100) armlenemodul,Motorhastighet - kontakt er inaktiv,Id752Dh,,,,https://d1hu4133i4rt3z.cloudfront.net/attachments/827/827261-cc1405d22d844e86e0720e07fdf480bf.pdf
Traktor,Claas,Arion,,Elektroniske styresystemer,Varsellampe / feilkode,,"Spenning fra motorhastighet -
  inkonsekvent","Sjekk - motorhastighetskontakt og MFA
  (A100) armlenemodul",Motorhastighet - kontakt er inaktiv,Id752Eh,,,,https://d1hu4133i4rt3z.cloudfront.net/attachments/827/827261-cc1405d22d844e86e0720e07fdf480bf.pdf
Traktor,Claas,Arion,,Elektroniske styresystemer,Varsellampe / feilkode,,Spenning fra stoppsekvens for høy,Sjekk stoppsekvenskontakt og MFA (A100) armlenemodul,Claas Sequence Management er inaktiv,Id752Fh,,,,https://d1hu4133i4rt3z.cloudfront.net/attachments/827/827261-cc1405d22d844e86e0720e07fdf480bf.pdf
Traktor,Claas,Arion,,Elektroniske styresystemer,Varsellampe / feilkode,,Spenning fra stoppsekvens for lav,Sjekk stoppsekvenskontakt og MFA (A100) armlenemodul,Claas Sequence Management er inaktiv,Id7530h,,,,https://d1hu4133i4rt3z.cloudfront.net/attachments/827/827261-cc1405d22d844e86e0720e07fdf480bf.pdf
Traktor,Claas,Arion,,Elektroniske styresystemer,Varsellampe / feilkode,,Spenning fra (-) kontakt for hastighetsområde for lav,"Sjekk (-) kontakt for hastighetsområde og MFA (A100)
  armlenemodul",(+) kontakt for hastighetsområde er inaktiv (C-Matic),Id7545h,,,,https://d1hu4133i4rt3z.cloudfront.net/attachments/827/827261-cc1405d22d844e86e0720e07fdf480bf.pdf
Traktor,Claas,Arion,,Elektroniske styresystemer,Varsellampe / feilkode,,Spenning fra (-) kontakt for hastighetsområde inkonsekvent,"Sjekk (-) kontakt for hastighetsområde og MFA (A100)
  armlenemodul",(+) kontakt for hastighetsområde er inaktiv (C-Matic),Id7546h,,,,https://d1hu4133i4rt3z.cloudfront.net/attachments/827/827261-cc1405d22d844e86e0720e07fdf480bf.pdf
Traktor,Claas,Arion,,Elektroniske styresystemer,Varsellampe / feilkode,,Spenning fra manøvreringsgir for høy,Sjekk manøvreringsgirkontakt og MFA (A100) armlenemodul,Manøvreringsgirfunksjon er inaktiv,Id7547h,,,,https://d1hu4133i4rt3z.cloudfront.net/attachments/827/827261-cc1405d22d844e86e0720e07fdf480bf.pdf
Traktor,Claas,Arion,,Elektroniske styresystemer,Varsellampe / feilkode,,Spenning fra manøvreringsgir for lav,Sjekk manøvreringsgirkontakt og MFA (A100) armlenemodul,Manøvreringsgirfunksjon er inaktiv,Id7548h,,,,https://d1hu4133i4rt3z.cloudfront.net/attachments/827/827261-cc1405d22d844e86e0720e07fdf480bf.pdf
Traktor,Claas,Arion,,Elektroniske styresystemer,Varsellampe / feilkode,,Spenning fra manøvreringsgir inkonsekvent,Sjekk manøvreringsgirkontakt og MFA (A100) armlenemodul,Manøvreringsgirfunksjon er inaktiv,Id7549h,,,,https://d1hu4133i4rt3z.cloudfront.net/attachments/827/827261-cc1405d22d844e86e0720e07fdf480bf.pdf
Traktor,Claas,Arion,,Elektroniske styresystemer,Varsellampe / feilkode,,Spenning fra funksjon F3 for høy,Sjekk funksjon F3 kontakt og MFA (A100) armlenemodul,F3-funksjon er inaktiv,Id754Ah,,,,https://d1hu4133i4rt3z.cloudfront.net/attachments/827/827261-cc1405d22d844e86e0720e07fdf480bf.pdf
Traktor,Claas,Arion,,Elektroniske styresystemer,Varsellampe / feilkode,,Spenning fra funksjon F3 for lav,Sjekk funksjon F3 kontakt og MFA (A100) armlenemodul,F3-funksjon er inaktiv,Id754Bh,,,,https://d1hu4133i4rt3z.cloudfront.net/attachments/827/827261-cc1405d22d844e86e0720e07fdf480bf.pdf
Traktor,Claas,Arion,,Elektroniske styresystemer,Varsellampe / feilkode,,Spenning fra funksjon F3 inkonsekvent,Sjekk funksjon F3 kontakt og MFA (A100) armlenemodul,F3-funksjon er inaktiv,Id754Ch,,,,https://d1hu4133i4rt3z.cloudfront.net/attachments/827/827261-cc1405d22d844e86e0720e07fdf480bf.pdf
Traktor,Claas,Arion,,Elektroniske styresystemer,Varsellampe / feilkode,,Spenning fra funksjon F4 for høy,Sjekk funksjon F4 kontakt og MFA (A100) armlenemodul,F4-funksjon er inaktiv,Id754Dh,,,,https://d1hu4133i4rt3z.cloudfront.net/attachments/827/827261-cc1405d22d844e86e0720e07fdf480bf.pdf
Traktor,Claas,Arion,,Elektroniske styresystemer,Varsellampe / feilkode,,Spenning fra funksjon F4 for lav,Sjekk funksjon F4 kontakt og MFA (A100) armlenemodul,F4-funksjon er inaktiv,Id754Eh,,,,https://d1hu4133i4rt3z.cloudfront.net/attachments/827/827261-cc1405d22d844e86e0720e07fdf480bf.pdf
Traktor,Claas,Arion,,Elektroniske styresystemer,Varsellampe / feilkode,,Spenning fra funksjon F4 inkonsekvent,Sjekk funksjon F4 kontakt og MFA (A100) armlenemodul,F4-funksjon er inaktiv,Id754Fh,,,,https://d1hu4133i4rt3z.cloudfront.net/attachments/827/827261-cc1405d22d844e86e0720e07fdf480bf.pdf
Traktor,Claas,Arion,,Elektroniske styresystemer,Varsellampe / feilkode,,Spenning fra Hexactiv-kontakt for høy,"Sjekk Hexactiv automasjonskontakt
  (S192) og MFA (A100) armlenemodul",Hexactiv-funksjon er inaktiv,Id751Dh,,,,https://d1hu4133i4rt3z.cloudfront.net/attachments/827/827261-cc1405d22d844e86e0720e07fdf480bf.pdf
Traktor,Claas,Arion,,Elektroniske styresystemer,Varsellampe / feilkode,,Spenning fra Hexactiv-kontakt for lav,"Sjekk Hexactiv automasjonskontakt (S192) og MFA (A100)
  armlenemodul",Hexactiv-funksjon er inaktiv,Id751Eh,,,,https://d1hu4133i4rt3z.cloudfront.net/attachments/827/827261-cc1405d22d844e86e0720e07fdf480bf.pdf
Traktor,Claas,Arion,,Elektroniske styresystemer,Varsellampe / feilkode,,Spenning fra Hexactiv-kontakt inkonsekvent,"Sjekk Hexactiv automasjonskontakt (S192) og MFA (A100)
  armlenemodul",Hexactiv-funksjon er inaktiv,Id751Fh,,,,https://d1hu4133i4rt3z.cloudfront.net/attachments/827/827261-cc1405d22d844e86e0720e07fdf480bf.pdf
Traktor,Claas,Arion,,Elektroniske styresystemer,Varsellampe / feilkode,,Spenning fra girnøytral-kontakt for høy,Sjekk girnøytral kontakt (S180) og MFA (A100) armlenemodul,Girnøytral-kontakt er inaktiv,Id7520h,,,,https://d1hu4133i4rt3z.cloudfront.net/attachments/827/827261-cc1405d22d844e86e0720e07fdf480bf.pdf
Traktor,Claas,Arion,,Elektroniske styresystemer,Varsellampe / feilkode,,Spenning fra girnøytral-kontakt for lav,Sjekk girnøytral kontakt (S180) og MFA (A100) armlenemodul,Girnøytral-kontakt er inaktiv,Id7521h,,,,https://d1hu4133i4rt3z.cloudfront.net/attachments/827/827261-cc1405d22d844e86e0720e07fdf480bf.pdf
Traktor,Claas,Arion,,Elektroniske styresystemer,Varsellampe / feilkode,,Spenning fra girnøytral-kontakt inkonsekvent,Sjekk girnøytral kontakt (S180) og MFA (A100) armlenemodul,Girnøytral-kontakt er inaktiv,Id7522h,,,,https://d1hu4133i4rt3z.cloudfront.net/attachments/827/827261-cc1405d22d844e86e0720e07fdf480bf.pdf
Traktor,Claas,Arion,,Elektroniske styresystemer,Varsellampe / feilkode,,Spenning fra motorhastighetsminne 1 for høy,"Sjekk motorhastighetsminne 1 kontakt (S178) og MFA (A100)
  armlenemodul",Motorhastighetsminne 1 er inaktiv,Id7523h,,,,https://d1hu4133i4rt3z.cloudfront.net/attachments/827/827261-cc1405d22d844e86e0720e07fdf480bf.pdf
Traktor,Claas,Arion,,Elektroniske styresystemer,Varsellampe / feilkode,,Spenning fra motorhastighetsminne 1 for lav,"Sjekk motorhastighetsminne 1 kontakt (S178) og MFA (A100)
  armlenemodul",Motorhastighetsminne 1 er inaktiv,Id7524h,,,,https://d1hu4133i4rt3z.cloudfront.net/attachments/827/827261-cc1405d22d844e86e0720e07fdf480bf.pdf
Traktor,Claas,Arion,,Elektroniske styresystemer,Varsellampe / feilkode,,Spenning fra motorhastighetsminne 1 inkonsekvent,"Sjekk motorhastighetsminne 1 kontakt (S178) og MFA (A100)
  armlenemodul",Motorhastighetsminne 1 er inaktiv,Id7525h,,,,https://d1hu4133i4rt3z.cloudfront.net/attachments/827/827261-cc1405d22d844e86e0720e07fdf480bf.pdf
Traktor,Claas,Arion,,Elektroniske styresystemer,Varsellampe / feilkode,,Spenning fra motorhastighetsminne 2 for høy,"Sjekk motorhastighetsminne 2 kontakt (S179) og MFA (A100)
  armlenemodul",Motorhastighetsminne 2 er inaktiv,Id7526h,,,,https://d1hu4133i4rt3z.cloudfront.net/attachments/827/827261-cc1405d22d844e86e0720e07fdf480bf.pdf
Traktor,Claas,Arion,,Elektroniske styresystemer,Varsellampe / feilkode,,Spenning fra motorhastighetsminne 2 for lav,"Sjekk motorhastighetsminne 2 kontakt (S179) og MFA (A100)
  armlenemodul",Motorhastighetsminne 2 er inaktiv,Id7527h,,,,https://d1hu4133i4rt3z.cloudfront.net/attachments/827/827261-cc1405d22d844e86e0720e07fdf480bf.pdf
Traktor,Claas,Arion,,Elektroniske styresystemer,Varsellampe / feilkode,,Spenning fra motorhastighetsminne 2 inkonsekvent,"Sjekk motorhastighetsminne 2 kontakt (S179) og MFA (A100)
  armlenemodul",Motorhastighetsminne 2 er inaktiv,Id7528h,,,,https://d1hu4133i4rt3z.cloudfront.net/attachments/827/827261-cc1405d22d844e86e0720e07fdf480bf.pdf
Traktor,Claas,Arion,,Elektroniske styresystemer,Varsellampe / feilkode,,Spenning fra motorhastighet + for høy,"Sjekk + motorhastighetskontakt (S188) og MFA (A100)
  armlenemodul",Motorhastighet + kontakt er inaktiv,Id7529h,,,,https://d1hu4133i4rt3z.cloudfront.net/attachments/827/827261-cc1405d22d844e86e0720e07fdf480bf.pdf
Traktor,Claas,Arion,,Elektroniske styresystemer,Varsellampe / feilkode,,Spenning fra motorhastighet + for lav,"Sjekk + motorhastighetskontakt (S188) og MFA (A100)
  armlenemodul",Motorhastighet + kontakt er inaktiv,Id752Ah,,,,https://d1hu4133i4rt3z.cloudfront.net/attachments/827/827261-cc1405d22d844e86e0720e07fdf480bf.pdf
Traktor,Claas,Arion,,Elektroniske styresystemer,Varsellampe / feilkode,,Spenning fra motorhastighet + inkonsekvent,"Sjekk + motorhastighetskontakt (S188) og MFA (A100)
  armlenemodul",Motorhastighet + kontakt er inaktiv,Id752Bh,,,,https://d1hu4133i4rt3z.cloudfront.net/attachments/827/827261-cc1405d22d844e86e0720e07fdf480bf.pdf
Traktor,Claas,Arion,,Elektroniske styresystemer,Varsellampe / feilkode,,Spenning fra motorhastighet - for høy,"Sjekk - motorhastighetskontakt (S189) og MFA (A100)
  armlenemodul",Motorhastighet - kontakt er inaktiv,Id752Ch,,,,https://d1hu4133i4rt3z.cloudfront.net/attachments/827/827261-cc1405d22d844e86e0720e07fdf480bf.pdf
Traktor,Claas,Arion,,Elektroniske styresystemer,Varsellampe / feilkode,,Spenning fra motorhastighet - for lav,"Sjekk - motorhastighetskontakt (S189) og MFA (A100)
  armlenemodul",Motorhastighet - kontakt er inaktiv,Id752Dh,,,,https://d1hu4133i4rt3z.cloudfront.net/attachments/827/827261-cc1405d22d844e86e0720e07fdf480bf.pdf
Traktor,Claas,Arion,,Elektroniske styresystemer,Varsellampe / feilkode,,Spenning fra motorhastighet - inkonsekvent,"Sjekk - motorhastighetskontakt (S189) og MFA (A100)
  armlenemodul",Motorhastighet - kontakt er inaktiv,Id752Eh,,,,https://d1hu4133i4rt3z.cloudfront.net/attachments/827/827261-cc1405d22d844e86e0720e07fdf480bf.pdf
Traktor,Claas,Arion,,Elektroniske styresystemer,Varsellampe / feilkode,,Spenning fra stoppsekvens for høy,Sjekk stoppsekvenskontakt (S185) og MFA (A100) armlenemodul,Claas Sequence Management er inaktiv,Id752Fh,,,,https://d1hu4133i4rt3z.cloudfront.net/attachments/827/827261-cc1405d22d844e86e0720e07fdf480bf.pdf
Traktor,Claas,Arion,,Elektroniske styresystemer,Varsellampe / feilkode,,Spenning fra stoppsekvens for lav,Sjekk stoppsekvenskontakt (S185) og MFA (A100) armlenemodul,Claas Sequence Management er inaktiv,Id7530h,,,,https://d1hu4133i4rt3z.cloudfront.net/attachments/827/827261-cc1405d22d844e86e0720e07fdf480bf.pdf
Traktor,Claas,Arion,,Elektroniske styresystemer,Varsellampe / feilkode,,Spenning fra stoppsekvens inkonsekvent,Sjekk stoppsekvenskontakt (S185) og MFA (A100) armlenemodul,Claas Sequence Management er inaktiv,Id7531h,,,,https://d1hu4133i4rt3z.cloudfront.net/attachments/827/827261-cc1405d22d844e86e0720e07fdf480bf.pdf
Traktor,Claas,Arion,,Elektroniske styresystemer,Varsellampe / feilkode,,Spenning fra sekvens 1 for høy,Sjekk sekvens 1 kontakt (S186) og MFA (A100) armlenemodul,Claas Sequence Management er inaktiv,Id7532h,,,,https://d1hu4133i4rt3z.cloudfront.net/attachments/827/827261-cc1405d22d844e86e0720e07fdf480bf.pdf
Traktor,Claas,Arion,,Elektroniske styresystemer,Varsellampe / feilkode,,Spenning fra sekvens 1 for lav,Sjekk sekvens 1 kontakt (S186) og MFA (A100) armlenemodul,Claas Sequence Management er inaktiv,Id7533h,,,,https://d1hu4133i4rt3z.cloudfront.net/attachments/827/827261-cc1405d22d844e86e0720e07fdf480bf.pdf
Traktor,Claas,Arion,,Elektroniske styresystemer,Varsellampe / feilkode,,Spenning fra sekvens 1 inkonsekvent,Sjekk sekvens 1 kontakt (S186) og MFA (A100) armlenemodul,Claas Sequence Management er inaktiv,Id7534h,,,,https://d1hu4133i4rt3z.cloudfront.net/attachments/827/827261-cc1405d22d844e86e0720e07fdf480bf.pdf
Traktor,Claas,Arion,,Elektroniske styresystemer,Varsellampe / feilkode,,Spenning fra sekvens 2 for høy,Sjekk sekvens 2 kontakt (S187) og MFA (A100) armlenemodul,Claas Sequence Management er inaktiv,Id7535h,,,,https://d1hu4133i4rt3z.cloudfront.net/attachments/827/827261-cc1405d22d844e86e0720e07fdf480bf.pdf
Traktor,Claas,Arion,,Elektroniske styresystemer,Varsellampe / feilkode,,Spenning fra sekvens 2 for lav,Sjekk sekvens 2 kontakt (S187) og MFA (A100) armlenemodul,Claas Sequence Management er inaktiv,Id7536h,,,,https://d1hu4133i4rt3z.cloudfront.net/attachments/827/827261-cc1405d22d844e86e0720e07fdf480bf.pdf
Traktor,Claas,Arion,,Elektroniske styresystemer,Varsellampe / feilkode,,Spenning fra sekvens 2 inkonsekvent,Sjekk sekvens 2 kontakt (S187) og MFA (A100) armlenemodul,Claas Sequence Management er inaktiv,Id7537h,,,,https://d1hu4133i4rt3z.cloudfront.net/attachments/827/827261-cc1405d22d844e86e0720e07fdf480bf.pdf
Traktor,Claas,Arion,,Elektroniske styresystemer,Varsellampe / feilkode,,Spenning fra Autopilot-kontakt for høy,Sjekk Autopilot-kontakt og MFA (A100) armlenemodul,Autopilot er inaktiv,Id7538h,,,,https://d1hu4133i4rt3z.cloudfront.net/attachments/827/827261-cc1405d22d844e86e0720e07fdf480bf.pdf
Traktor,Claas,Arion,,Elektroniske styresystemer,Varsellampe / feilkode,,Spenning fra Autopilot-kontakt for lav,Sjekk Autopilot-kontakt og MFA (A100) armlenemodul,Autopilot er inaktiv,Id7839h,,,,https://d1hu4133i4rt3z.cloudfront.net/attachments/827/827261-cc1405d22d844e86e0720e07fdf480bf.pdf
Traktor,Claas,Arion,,Elektroniske styresystemer,Varsellampe / feilkode,,Spenning fra Autopilot-kontakt inkonsekvent,Sjekk Autopilot-kontakt og MFA (A100) armlenemodul,Autopilot er inaktiv,Id753Ah,,,,https://d1hu4133i4rt3z.cloudfront.net/attachments/827/827261-cc1405d22d844e86e0720e07fdf480bf.pdf
Traktor,Claas,Arion,,Elektroniske styresystemer,Varsellampe / feilkode,,Spenning fra funksjon F1 for høy,Sjekk F1-kontakt (S190) og MFA (A100) armlenemodul,F1-kontakt er inaktiv,Id753Bh,,,,https://d1hu4133i4rt3z.cloudfront.net/attachments/827/827261-cc1405d22d844e86e0720e07fdf480bf.pdf
Traktor,Claas,Arion,,Elektroniske styresystemer,Varsellampe / feilkode,,Spenning fra funksjon F1 for lav,Sjekk F1-kontakt (S190) og MFA (A100) armlenemodul,F1-kontakt er inaktiv,Id753Ch,,,,https://d1hu4133i4rt3z.cloudfront.net/attachments/827/827261-cc1405d22d844e86e0720e07fdf480bf.pdf
Traktor,Claas,Arion,,Elektroniske styresystemer,Varsellampe / feilkode,,Spenning fra funksjon F1 inkonsekvent,Sjekk F1-kontakt (S190) og MFA (A100) armlenemodul,F1-kontakt er inaktiv,Id753Dh,,,,https://d1hu4133i4rt3z.cloudfront.net/attachments/827/827261-cc1405d22d844e86e0720e07fdf480bf.pdf
Traktor,Claas,Arion,,Elektroniske styresystemer,Varsellampe / feilkode,,Spenning fra funksjon F2 for høy,Sjekk F2-kontakt (S191) og MFA (A100) armlenemodul,F2-kontakt er inaktiv,Id753Eh,,,,https://d1hu4133i4rt3z.cloudfront.net/attachments/827/827261-cc1405d22d844e86e0720e07fdf480bf.pdf
Traktor,Claas,Arion,,Elektroniske styresystemer,Varsellampe / feilkode,,Spenning fra funksjon F2 for lav,Sjekk F2-kontakt (S191) og MFA (A100) armlenemodul,F2-kontakt er inaktiv,Id753Fh,,,,https://d1hu4133i4rt3z.cloudfront.net/attachments/827/827261-cc1405d22d844e86e0720e07fdf480bf.pdf
Traktor,Claas,Arion,,Elektroniske styresystemer,Varsellampe / feilkode,,Spenning fra funksjon F2 inkonsekvent,Sjekk F2-kontakt (S191) og MFA (A100) armlenemodul,F2-kontakt er inaktiv,Id7540h,,,,https://d1hu4133i4rt3z.cloudfront.net/attachments/827/827261-cc1405d22d844e86e0720e07fdf480bf.pdf
Traktor,Claas,Arion,,Elektroniske styresystemer,Varsellampe / feilkode,,Spenning fra (+) kontakt for hastighetsområde for høy,Sjekk (+) kontakt (S200) og MFA (A100) armlenemodul,(+) kontakt for hastighetsområde er inaktiv (C-Matic),Id7541h,,,,https://d1hu4133i4rt3z.cloudfront.net/attachments/827/827261-cc1405d22d844e86e0720e07fdf480bf.pdf
Traktor,Claas,Arion,,Elektroniske styresystemer,Varsellampe / feilkode,,Spenning fra (+) kontakt for hastighetsområde for lav,Sjekk (+) kontakt (S200) og MFA (A100) armlenemodul,(+) kontakt for hastighetsområde er inaktiv (C-Matic),Id7542h,,,,https://d1hu4133i4rt3z.cloudfront.net/attachments/827/827261-cc1405d22d844e86e0720e07fdf480bf.pdf
Traktor,Claas,Arion,,Elektroniske styresystemer,Varsellampe / feilkode,,Spenning fra (+) kontakt for hastighetsområde inkonsekvent,Sjekk (+) kontakt (S200) og MFA (A100) armlenemodul,(+) kontakt for hastighetsområde er inaktiv (C-Matic),Id7543h,,,,https://d1hu4133i4rt3z.cloudfront.net/attachments/827/827261-cc1405d22d844e86e0720e07fdf480bf.pdf
Traktor,Claas,Arion,,Elektroniske styresystemer,Varsellampe / feilkode,,Spenning fra (-) kontakt for hastighetsområde for høy,Sjekk (-) kontakt (S201) og MFA (A100) armlenemodul,(+) kontakt for hastighetsområde er inaktiv (C-Matic),Id7544h,,,,https://d1hu4133i4rt3z.cloudfront.net/attachments/827/827261-cc1405d22d844e86e0720e07fdf480bf.pdf
Traktor,Claas,Arion,,Elektroniske styresystemer,Varsellampe / feilkode,,Spenning fra (-) kontakt for hastighetsområde for lav,Sjekk (-) kontakt (S200) og MFA (A100) armlenemodul,(+) kontakt for hastighetsområde er inaktiv (C-Matic),Id7545h,,,,https://d1hu4133i4rt3z.cloudfront.net/attachments/827/827261-cc1405d22d844e86e0720e07fdf480bf.pdf
Traktor,Claas,Arion,,Elektroniske styresystemer,Varsellampe / feilkode,,Spenning fra (-) kontakt for hastighetsområde inkonsekvent,Sjekk (-) kontakt (S201) og MFA (A100) armlenemodul,(+) kontakt for hastighetsområde er inaktiv (C-Matic),Id7546h,,,,https://d1hu4133i4rt3z.cloudfront.net/attachments/827/827261-cc1405d22d844e86e0720e07fdf480bf.pdf
Traktor,Claas,Arion,,Elektroniske styresystemer,Varsellampe / feilkode,,Spenning fra manøvreringsgir for høy,Sjekk manøvreringsgirkontakt (S177) og MFA (A100) armlenemodul,Manøvreringsgirfunksjon er inaktiv,Id7547h,,,,https://d1hu4133i4rt3z.cloudfront.net/attachments/827/827261-cc1405d22d844e86e0720e07fdf480bf.pdf
Traktor,Claas,Arion,,Elektroniske styresystemer,Varsellampe / feilkode,,Spenning fra manøvreringsgir for lav,Sjekk manøvreringsgirkontakt (S177) og MFA (A100) armlenemodul,Manøvreringsgirfunksjon er inaktiv,Id7548h,,,,https://d1hu4133i4rt3z.cloudfront.net/attachments/827/827261-cc1405d22d844e86e0720e07fdf480bf.pdf
Traktor,Claas,Arion,,Elektroniske styresystemer,Varsellampe / feilkode,,Spenning fra manøvreringsgir inkonsekvent,Sjekk manøvreringsgirkontakt (S177) og MFA (A100) armlenemodul,Manøvreringsgirfunksjon er inaktiv,Id7549h,,,,https://d1hu4133i4rt3z.cloudfront.net/attachments/827/827261-cc1405d22d844e86e0720e07fdf480bf.pdf
Traktor,Claas,Arion,,Elektroniske styresystemer,Varsellampe / feilkode,,Spenning fra funksjon F3 for høy,Sjekk funksjon F3 kontakt (S198) og MFA (A100) armlenemodul,F3-funksjon er inaktiv,Id754Ah,,,,https://d1hu4133i4rt3z.cloudfront.net/attachments/827/827261-cc1405d22d844e86e0720e07fdf480bf.pdf
Traktor,Claas,Arion,,Elektroniske styresystemer,Varsellampe / feilkode,,Spenning fra funksjon F3 for lav,Sjekk funksjon F3 kontakt (S198) og MFA (A100) armlenemodul,F3-funksjon er inaktiv,Id754Bh,,,,https://d1hu4133i4rt3z.cloudfront.net/attachments/827/827261-cc1405d22d844e86e0720e07fdf480bf.pdf
Traktor,Claas,Arion,,Elektroniske styresystemer,Varsellampe / feilkode,,Spenning fra funksjon F3 inkonsekvent,Sjekk funksjon F3 kontakt (S198) og MFA (A100) armlenemodul,F3-funksjon er inaktiv,Id754Ch,,,,https://d1hu4133i4rt3z.cloudfront.net/attachments/827/827261-cc1405d22d844e86e0720e07fdf480bf.pdf
Traktor,Claas,Arion,,Elektroniske styresystemer,Varsellampe / feilkode,,Spenning fra funksjon F4 for høy,Sjekk funksjon F4 kontakt (S199) og MFA (A100) armlenemodul,F4-funksjon er inaktiv,Id754Dh,,,,https://d1hu4133i4rt3z.cloudfront.net/attachments/827/827261-cc1405d22d844e86e0720e07fdf480bf.pdf
Traktor,Claas,Arion,,Elektroniske styresystemer,Varsellampe / feilkode,,Spenning fra funksjon F4 for lav,Sjekk funksjon F4 kontakt (S199) og MFA (A100) armlenemodul,F4-funksjon er inaktiv,Id754Eh,,,,https://d1hu4133i4rt3z.cloudfront.net/attachments/827/827261-cc1405d22d844e86e0720e07fdf480bf.pdf
Traktor,Claas,Arion,,Elektroniske styresystemer,Varsellampe / feilkode,,Spenning fra funksjon F4 inkonsekvent,Sjekk funksjon F4 kontakt (S199) og MFA (A100) armlenemodul,F4-funksjon er inaktiv,Id754Fh,,,,https://d1hu4133i4rt3z.cloudfront.net/attachments/827/827261-cc1405d22d844e86e0720e07fdf480bf.pdf
Traktor,Claas,Arion,,Elektroniske styresystemer,Varsellampe / feilkode,,Spenning fra Electropilot krysskontroll lås for høy,"Sjekk Electropilot krysskontroll lås (S183) og MFA (A100)
  armlenemodul",Electropilot krysskontroll er inaktiv,Id7550h,,,,https://d1hu4133i4rt3z.cloudfront.net/attachments/827/827261-cc1405d22d844e86e0720e07fdf480bf.pdf
Traktor,Claas,Arion,,Elektroniske styresystemer,Varsellampe / feilkode,,Spenning fra Electropilot krysskontroll lås for lav,"Sjekk Electropilot krysskontroll lås (S183) og MFA (A100)
  armlenemodul",Electropilot krysskontroll er inaktiv,Id7551h,,,,https://d1hu4133i4rt3z.cloudfront.net/attachments/827/827261-cc1405d22d844e86e0720e07fdf480bf.pdf
Traktor,Claas,Arion,,Elektroniske styresystemer,Varsellampe / feilkode,,Spenning fra Electropilot krysskontroll lås inkonsekvent,"Sjekk Electropilot krysskontroll lås (S183) og MFA (A100)
  armlenemodul",Electropilot krysskontroll er inaktiv,Id7552h,,,,https://d1hu4133i4rt3z.cloudfront.net/attachments/827/827261-cc1405d22d844e86e0720e07fdf480bf.pdf
Traktor,Claas,Arion,,Elektroniske styresystemer,Varsellampe / feilkode,,Feil på CLAAS kjøretøy CAN-bus,"Sjekk CAN-bus, BDG (A103), TR2 (A57-2)",Tilfeldig oppførsel på armlene,Id7553h,,,,https://d1hu4133i4rt3z.cloudfront.net/attachments/827/827261-cc1405d22d844e86e0720e07fdf480bf.pdf
Traktor,Claas,Arion,,Elektroniske styresystemer,Varsellampe / feilkode,,Mangler CAN-melding for bakgrunnsbelysning/lamper,"Sjekk CAN-bus, BDG (A103), instrumentpanel DBD (A101)",Bakgrunnsbelysning aktivert som standard,Id7554h,,,,https://d1hu4133i4rt3z.cloudfront.net/attachments/827/827261-cc1405d22d844e86e0720e07fdf480bf.pdf
Traktor,Claas,Arion,,Elektroniske styresystemer,Varsellampe / feilkode,,Feil på CLAAS kjøretøy CAN-bus,"Sjekk CAN-bus, BDG (A103), instrumentpanel DBD (A101)",Tilfeldig oppførsel på armlene,Id7555h,,,,https://d1hu4133i4rt3z.cloudfront.net/attachments/827/827261-cc1405d22d844e86e0720e07fdf480bf.pdf
Traktor,Claas,Arion,,Elektroniske styresystemer,Varsellampe / feilkode,,Armlene sender ikke CAN-meldinger (for mange feilrammer),Sjekk MFA (A100) armlenemodul,"Armlene inaktiv, kun gir C1 og B1 tilgjengelig etter restart",Id7556h,,,,https://d1hu4133i4rt3z.cloudfront.net/attachments/827/827261-cc1405d22d844e86e0720e07fdf480bf.pdf
Traktor,Claas,Arion,,Elektroniske styresystemer,Varsellampe / feilkode,,For høy returstrøm på magnetventil SV1,"Sjekk: Mulig 12V kortslutning på
  ledningsnett til magnetventil. Sjekk SV1 (Y335-1). Sjekk ""Auto
  5""-modul.",Lydvarsel. ISC-reset kreves.,Id7650h,,,,https://d1hu4133i4rt3z.cloudfront.net/attachments/827/827261-cc1405d22d844e86e0720e07fdf480bf.pdf
Traktor,Claas,Arion,,Elektroniske styresystemer,Varsellampe / feilkode,,"Forbruket til magnetventil
  SV1 overstiger 1,4A","Sjekk: Mulig 12V
  kortslutning på ledningsnett til magnetventil. Sjekk SV1 (Y335-1). Sjekk
  ""Auto 5""-modul.",,Id7651h,,,,https://d1hu4133i4rt3z.cloudfront.net/attachments/827/827261-cc1405d22d844e86e0720e07fdf480bf.pdf
Traktor,Claas,Arion,,Elektroniske styresystemer,Varsellampe / feilkode,,"For lav returstrøm på
  magnetventil SV1","Sjekk: Mulig brudd i
  ledningsnett. Mulig jordfeil på magnetventil. Sjekk SV1 (Y335-1). Sjekk
  ""Auto 5""-modul.",,Id7652h,,,,https://d1hu4133i4rt3z.cloudfront.net/attachments/827/827261-cc1405d22d844e86e0720e07fdf480bf.pdf
Traktor,Claas,Arion,,Elektroniske styresystemer,Varsellampe / feilkode,,"For lav strøm til
  magnetventil SV1 (reguleringsproblem)","Sjekk: Batterispenning.
  Mulig motstand i ledningsnett. Sjekk SV1 (Y335-1).",,Id7653h,,,,https://d1hu4133i4rt3z.cloudfront.net/attachments/827/827261-cc1405d22d844e86e0720e07fdf480bf.pdf
Traktor,Claas,Arion,,Elektroniske styresystemer,Varsellampe / feilkode,,"Mangler 20 bar
  lavtrykksignal (turtall > 500 rpm)","Sjekk: Trykk i lavtrykkskrets. Sjekk lavtrykksensor (Z154). Sjekk ""Auto 5""-modul.",Lydvarsel.,Id7654h,,,,https://d1hu4133i4rt3z.cloudfront.net/attachments/827/827261-cc1405d22d844e86e0720e07fdf480bf.pdf
Traktor,Claas,Arion,,Elektroniske styresystemer,Varsellampe / feilkode,,Kalibrering av Power Boost pågår,,,Id7655h,,,,https://d1hu4133i4rt3z.cloudfront.net/attachments/827/827261-cc1405d22d844e86e0720e07fdf480bf.pdf
Traktor,Claas,Arion,,Elektroniske styresystemer,Varsellampe / feilkode,,Kalibrering av høyre styrevinkelposisjon,,,Id7656h,,,,https://d1hu4133i4rt3z.cloudfront.net/attachments/827/827261-cc1405d22d844e86e0720e07fdf480bf.pdf
Traktor,Claas,Arion,,Elektroniske styresystemer,Varsellampe / feilkode,,Kalibrering av senter styrevinkelposisjon,,,Id7657h,,,,https://d1hu4133i4rt3z.cloudfront.net/attachments/827/827261-cc1405d22d844e86e0720e07fdf480bf.pdf
Traktor,Claas,Arion,,Elektroniske styresystemer,Varsellampe / feilkode,,Kalibrering av venstre styrevinkelposisjon,,,Id7658h,,,,https://d1hu4133i4rt3z.cloudfront.net/attachments/827/827261-cc1405d22d844e86e0720e07fdf480bf.pdf
Traktor,Claas,Arion,,Elektroniske styresystemer,Varsellampe / feilkode,,"Tapt info om ""manøvreringsgir"" på CAN eller feil >10 sek","Sjekk: Kontakt S177,
  armlene (A30), CAN-nettverk, modul A103, ""Auto 5""-modul.",Manøvreringsgir inaktiv,Id7659h,,,,https://d1hu4133i4rt3z.cloudfront.net/attachments/827/827261-cc1405d22d844e86e0720e07fdf480bf.pdf
Traktor,Claas,Arion,,Elektroniske styresystemer,Varsellampe / feilkode,,"Stack overload – tilfeldig
  oppførsel",–,Tilfeldig oppførsel,Id765Ah,,,,https://d1hu4133i4rt3z.cloudfront.net/attachments/827/827261-cc1405d22d844e86e0720e07fdf480bf.pdf
Traktor,Claas,Arion,,Elektroniske styresystemer,Varsellampe / feilkode,,"Begrensning av Power
  Management pga. for høyt kraftuttak bak","Sjekk: Unormal bruk av PTO,
  status på PTO-linje, tilkoblet redskap.","Power Management begrenser
  ekstra effekt",Id765Bh,,,,https://d1hu4133i4rt3z.cloudfront.net/attachments/827/827261-cc1405d22d844e86e0720e07fdf480bf.pdf
Traktor,Claas,Arion,,Elektroniske styresystemer,Varsellampe / feilkode,,"Begrensning av Power
  Management pga. for høy kjølevæsketemp.","Sjekk: Kjølekrets,
  kjølevæsketempsensor (B045).","Power Management begrenser
  ekstra effekt",Id765Ch,,,,https://d1hu4133i4rt3z.cloudfront.net/attachments/827/827261-cc1405d22d844e86e0720e07fdf480bf.pdf
Traktor,Claas,Arion,,Elektroniske styresystemer,Varsellampe / feilkode,,"Power Management feil pga.
  tapt turtallsignal fra sensor","Sjekk: Justering av
  turtallsensorer (B228-1, B228-2), ""Auto 5""-modul.","Power Management kun
  tilgjengelig i C og D",Id765Dh,,,,https://d1hu4133i4rt3z.cloudfront.net/attachments/827/827261-cc1405d22d844e86e0720e07fdf480bf.pdf
Traktor,Claas,Arion,,Elektroniske styresystemer,Varsellampe / feilkode,,"Power Management feil pga.
  tapt turtallsignal på CAN","Sjekk: Motormodul (A15),
  CAN-nettverk, ""Auto 5""-modul.",Laveste effektkurve valgt,Id765Eh,,,,https://d1hu4133i4rt3z.cloudfront.net/attachments/827/827261-cc1405d22d844e86e0720e07fdf480bf.pdf
Traktor,Claas,Arion,,Elektroniske styresystemer,Varsellampe / feilkode,,"Åpen krets på sensor for
  utkoblet automatisk håndbrekk","Sjekk: Mulig brudd i
  ledningsnett til sensor (Z158), sensor (Z158), ""Auto 5""-modul.","Automatisk håndbrekk
  inaktiv",Id768Fh,,,,https://d1hu4133i4rt3z.cloudfront.net/attachments/827/827261-cc1405d22d844e86e0720e07fdf480bf.pdf
Traktor,Claas,Arion,,Elektroniske styresystemer,Varsellampe / feilkode,,"Sensor for utkoblet
  håndbrekk låst i aktiv posisjon","Sjekk: Mulig brudd i
  ledningsnett til sensor (Z158), mekanisk feil, ""Auto 5""-modul.","Automatisk håndbrekk
  inaktiv",Id7690h,,,,https://d1hu4133i4rt3z.cloudfront.net/attachments/827/827261-cc1405d22d844e86e0720e07fdf480bf.pdf
Traktor,Claas,Arion,,Elektroniske styresystemer,Varsellampe / feilkode,,"Åpen krets på magnetventil
  for utkobling av håndbrekk","Sjekk: Mulig brudd i
  ledningsnett til magnetventil (Y324), motstand i spole, ""Auto
  5""-modul.",Kan ikke koble ut håndbrekk,Id7691h,,,,https://d1hu4133i4rt3z.cloudfront.net/attachments/827/827261-cc1405d22d844e86e0720e07fdf480bf.pdf
Traktor,Claas,Arion,,Elektroniske styresystemer,Varsellampe / feilkode,,"Kortslutning til jord på
  magnetventil for utkobling av håndbrekk","Sjekk: Mulig
  brudd/kortslutning i ledningsnett til magnetventil (Y324), ""Auto
  5""-modul.",Kan ikke koble ut håndbrekk,Id7692h,,,,https://d1hu4133i4rt3z.cloudfront.net/attachments/827/827261-cc1405d22d844e86e0720e07fdf480bf.pdf
Traktor,Claas,Arion,,Elektroniske styresystemer,Varsellampe / feilkode,,"Info om utkoblingskontakt
  for håndbrekk i aktiv posisjon","Sjekk: Mulig kortslutning i
  ledningsnett til kontakt (S196), knapp (S196), ""Auto 5""-modul.",Kontakt inaktiv,Id7693h,,,,https://d1hu4133i4rt3z.cloudfront.net/attachments/827/827261-cc1405d22d844e86e0720e07fdf480bf.pdf
Traktor,Claas,Arion,,Elektroniske styresystemer,Varsellampe / feilkode,,"Kortslutning til jord på
  magnetventil for innkobling av håndbrekk","Sjekk: Mulig
  brudd/kortslutning i ledningsnett til magnetventil (Y323), ""Auto
  5""-modul.","Kan ikke koble inn
  håndbrekk",Id7694h,,,,https://d1hu4133i4rt3z.cloudfront.net/attachments/827/827261-cc1405d22d844e86e0720e07fdf480bf.pdf
Traktor,Claas,Arion,,Elektroniske styresystemer,Varsellampe / feilkode,,"Åpen krets på magnetventil
  for innkobling av håndbrekk","Sjekk: Mulig brudd i
  ledningsnett til magnetventil (Y323), motstand i spole, ""Auto
  5""-modul.","Kan ikke koble inn
  håndbrekk",Id7695h,,,,https://d1hu4133i4rt3z.cloudfront.net/attachments/827/827261-cc1405d22d844e86e0720e07fdf480bf.pdf
Traktor,Claas,Arion,,Elektroniske styresystemer,Varsellampe / feilkode,,"Kortslutning til 12V på
  magnetventil for utkobling av håndbrekk","Sjekk: Mulig 12V
  kortslutning på ledningsnett til magnetventil (Y324), ""Auto
  5""-modul.","Kan ikke koble inn
  håndbrekk",Id7696h,,,,https://d1hu4133i4rt3z.cloudfront.net/attachments/827/827261-cc1405d22d844e86e0720e07fdf480bf.pdf
Traktor,Claas,Arion,,Elektroniske styresystemer,Varsellampe / feilkode,,"Kortslutning til 12V på
  magnetventil for innkobling av håndbrekk","Sjekk: Mulig 12V
  kortslutning på ledningsnett til magnetventil (Y323), ""Auto
  5""-modul.",Normal drift,Id7697h,,,,https://d1hu4133i4rt3z.cloudfront.net/attachments/827/827261-cc1405d22d844e86e0720e07fdf480bf.pdf
Traktor,Claas,Arion,,Elektroniske styresystemer,Varsellampe / feilkode,,"Slitasjesensor for
  håndbrekk aktivert","Sjekk: Slitasje, mulig
  kortslutning på sensorledning (Z157), sensor (Z157), ""Auto
  5""-modul.",Slitasje på håndbrekk,Id7698h,,,,https://d1hu4133i4rt3z.cloudfront.net/attachments/827/827261-cc1405d22d844e86e0720e07fdf480bf.pdf
Traktor,Claas,Arion,,Elektroniske styresystemer,Varsellampe / feilkode,,"Slitasjesensor for
  håndbrekk låst i aktiv modus","Sjekk: Mulig kortslutning
  på sensorledning (Z157), sensor (Z157), ""Auto 5""-modul.","Slitasjeinformasjon ikke
  tilgjengelig",Id7699h,,,,https://d1hu4133i4rt3z.cloudfront.net/attachments/827/827261-cc1405d22d844e86e0720e07fdf480bf.pdf
Traktor,Claas,Arion,,Elektroniske styresystemer,Varsellampe / feilkode,,"Kortslutning til jord på
  overføringsproportionalventil (ventil 3)","Sjekk: Overføringsventil 3
  (Y331)","Fjæringssystem låst i
  nåværende posisjon",Id76E6h,,,,https://d1hu4133i4rt3z.cloudfront.net/attachments/827/827261-cc1405d22d844e86e0720e07fdf480bf.pdf
Traktor,Claas,Arion,,Elektroniske styresystemer,Varsellampe / feilkode,,"Kortslutning til jord på
  akkumulatorproportionalventil (ventil 4)","Sjekk: Akkumulatorventil 4
  (Y332)","Fjæringssystem låst i
  nåværende posisjon",Id76E7h,,,,https://d1hu4133i4rt3z.cloudfront.net/attachments/827/827261-cc1405d22d844e86e0720e07fdf480bf.pdf
Traktor,Claas,Arion,,Elektroniske styresystemer,Varsellampe / feilkode,,"Åpen krets/kortslutning til
  jord på høyre fjæringsposisjonssensor","Sjekk: Høyre fjæringssensor
  (B234-1)","Fjæringssystem låst i
  nåværende posisjon",Id76E8h,,,,https://d1hu4133i4rt3z.cloudfront.net/attachments/827/827261-cc1405d22d844e86e0720e07fdf480bf.pdf
Traktor,Claas,Arion,,Elektroniske styresystemer,Varsellampe / feilkode,,"Kortslutning på
  strømtilførsel til høyre fjæringsposisjonssensor","Sjekk: Høyre fjæringssensor
  (B234-1)","Fjæringssystem låst i
  nåværende posisjon",Id76E9h,,,,https://d1hu4133i4rt3z.cloudfront.net/attachments/827/827261-cc1405d22d844e86e0720e07fdf480bf.pdf
Traktor,Claas,Arion,,Elektroniske styresystemer,Varsellampe / feilkode,,"Åpen krets/kortslutning til
  jord på venstre fjæringsposisjonssensor","Sjekk: Venstre
  fjæringssensor (B220/B234-2)","Fjæringssystem låst i
  nåværende posisjon",Id76EAh,,,,https://d1hu4133i4rt3z.cloudfront.net/attachments/827/827261-cc1405d22d844e86e0720e07fdf480bf.pdf
Traktor,Claas,Arion,,Elektroniske styresystemer,Varsellampe / feilkode,,"Kortslutning på
  strømtilførsel til venstre fjæringsposisjonssensor","Sjekk: Venstre
  fjæringssensor (B220/B234-2)","Fjæringssystem låst i
  nåværende posisjon",Id76ECh,,,,https://d1hu4133i4rt3z.cloudfront.net/attachments/827/827261-cc1405d22d844e86e0720e07fdf480bf.pdf
Traktor,Claas,Arion,,Elektroniske styresystemer,Varsellampe / feilkode,,"For lav forsyningsspenning
  (<10,5V)","Sjekk: Strømkilde (G001),
  SFA (A102) modul","Fjæringssystem låst i
  nåværende posisjon",Id76EDh,,,,https://d1hu4133i4rt3z.cloudfront.net/attachments/827/827261-cc1405d22d844e86e0720e07fdf480bf.pdf
Traktor,Claas,Arion,,Elektroniske styresystemer,Varsellampe / feilkode,,"Ingen melding fra
  SFA-modul, selv om konfigurert","Sjekk: Powertrain CAN, SFA
  (A102), BDG (A103)","Forakselfjæring låst i
  nåværende posisjon",Id76F1h,,,,https://d1hu4133i4rt3z.cloudfront.net/attachments/827/827261-cc1405d22d844e86e0720e07fdf480bf.pdf
Traktor,Claas,Arion,,Elektroniske styresystemer,Varsellampe / feilkode,,"Ingen melding fra
  HYD-modul, selv om konfigurert","Sjekk: CAN-nettverk, HYD
  (A60), BDG (A103)","HYD (A60) og tilhørende
  funksjoner inaktive",Id76F2h,,,,https://d1hu4133i4rt3z.cloudfront.net/attachments/827/827261-cc1405d22d844e86e0720e07fdf480bf.pdf
Traktor,Claas,Arion,,Elektroniske styresystemer,Varsellampe / feilkode,,"Ingen melding fra
  EXT-modul, selv om konfigurert","Sjekk: CAN-nettverk, EXT
  (A62), BDG (A103)","EXT (A62) og tilhørende
  funksjoner inaktive",Id76F3h,,,,https://d1hu4133i4rt3z.cloudfront.net/attachments/827/827261-cc1405d22d844e86e0720e07fdf480bf.pdf
Traktor,Claas,Arion,,Elektroniske styresystemer,Varsellampe / feilkode,,"Ingen melding fra Z+-modul,
  selv om konfigurert","Sjekk: CAN-nettverk, Z+,
  BDG (A103)","Z+ og tilhørende funksjoner
  inaktive",Id76F4h,,,,https://d1hu4133i4rt3z.cloudfront.net/attachments/827/827261-cc1405d22d844e86e0720e07fdf480bf.pdf
Traktor,Claas,Arion,,Elektroniske styresystemer,Varsellampe / feilkode,,"Ingen melding fra
  CVT-modul, selv om konfigurert","Sjekk: CAN-nettverk, CVT,
  BDG (A103)","CVT-modul og tilhørende
  funksjoner inaktive",Id76F5h,,,,https://d1hu4133i4rt3z.cloudfront.net/attachments/827/827261-cc1405d22d844e86e0720e07fdf480bf.pdf
Traktor,Claas,Arion,,Elektroniske styresystemer,Varsellampe / feilkode,,"Ingen melding fra
  MFT-modul, selv om konfigurert","Sjekk: CAN-nettverk, MFT
  (A30), BDG (A103)","Cebis-terminal (MFT A30) og
  funksjoner kan være inaktive",Id76F6h,,,,https://d1hu4133i4rt3z.cloudfront.net/attachments/827/827261-cc1405d22d844e86e0720e07fdf480bf.pdf
Traktor,Claas,Arion,,Elektroniske styresystemer,Varsellampe / feilkode,,"Ingen melding fra WLP-modul
  på 5 sekunder","Sjekk: CAN-nettverk, WLP
  (A104), BDG (A103)","WLP (A104) og funksjoner
  kan være inaktive",Id76F7h,,,,https://d1hu4133i4rt3z.cloudfront.net/attachments/827/827261-cc1405d22d844e86e0720e07fdf480bf.pdf
Traktor,Claas,Arion,,Elektroniske styresystemer,Varsellampe / feilkode,,"Ingen melding fra MFA-modul
  på 5 sekunder","Sjekk: CAN-nettverk, MFA
  (A100), BDG (A103)","MFA (A100) og funksjoner
  kan være inaktive",Id76F8h,,,,https://d1hu4133i4rt3z.cloudfront.net/attachments/827/827261-cc1405d22d844e86e0720e07fdf480bf.pdf
Traktor,Claas,Arion,,Elektroniske styresystemer,Varsellampe / feilkode,,"Ingen melding fra DBD-modul
  på 5 sekunder","Sjekk: CAN-nettverk, DBD
  (A101), BDG (A103)","DBD (A101) og funksjoner
  kan være tapt",Id76F9h,,,,https://d1hu4133i4rt3z.cloudfront.net/attachments/827/827261-cc1405d22d844e86e0720e07fdf480bf.pdf
Traktor,Claas,Arion,,Elektroniske styresystemer,Varsellampe / feilkode,,"Ingen melding fra ENG-modul
  på 5 sekunder","Sjekk: Powertrain CAN, ENG
  (A15), BDG (A103)","ENG (A15) og funksjoner kan
  være tapt",Id76FAh,,,,https://d1hu4133i4rt3z.cloudfront.net/attachments/827/827261-cc1405d22d844e86e0720e07fdf480bf.pdf
Traktor,Claas,Arion,,Elektroniske styresystemer,Varsellampe / feilkode,,"Ingen melding fra TR1-modul
  på 5 sekunder","Sjekk: Powertrain CAN, TR1
  (A57-1), BDG (A103)","TR1 (A57-1) og funksjoner
  kan være tapt",Id76FBh,,,,https://d1hu4133i4rt3z.cloudfront.net/attachments/827/827261-cc1405d22d844e86e0720e07fdf480bf.pdf
Traktor,Claas,Arion,,Elektroniske styresystemer,Varsellampe / feilkode,,"Ingen melding fra TR2-modul
  på 5 sekunder","Sjekk: Powertrain CAN, TR2
  (A57-2), BDG (A103)","TR2 (A57-2) og funksjoner
  kan være tapt",Id76FCh,,,,https://d1hu4133i4rt3z.cloudfront.net/attachments/827/827261-cc1405d22d844e86e0720e07fdf480bf.pdf
Traktor,Claas,Arion,,Elektroniske styresystemer,Varsellampe / feilkode,,"Ingen melding fra TR3-modul
  på 5 sekunder","Sjekk: Powertrain CAN, TR3
  (A57-3), BDG (A103)","TR3 (A57-3) og funksjoner
  kan være tapt",Id76FDh,,,,https://d1hu4133i4rt3z.cloudfront.net/attachments/827/827261-cc1405d22d844e86e0720e07fdf480bf.pdf
Traktor,Claas,Arion,,Elektroniske styresystemer,Varsellampe / feilkode,,"Ingen melding fra REH-modul
  på 5 sekunder","Sjekk: Powertrain CAN, REH
  (A58), BDG (A103)","REH (A58) og funksjoner kan
  være tapt",Id76FEh,,,,https://d1hu4133i4rt3z.cloudfront.net/attachments/827/827261-cc1405d22d844e86e0720e07fdf480bf.pdf
Traktor,Claas,Arion,,Elektroniske styresystemer,Varsellampe / feilkode,,"Kortslutning til 12V på
  CLAAS CAN-bus",Sjekk: CLAAS CAN-bus,,Id76FFh,,,,https://d1hu4133i4rt3z.cloudfront.net/attachments/827/827261-cc1405d22d844e86e0720e07fdf480bf.pdf
Traktor,Claas,Arion,,Elektroniske styresystemer,Varsellampe / feilkode,,"Kortslutning til jord på
  CLAAS CAN-bus","Sjekk: CLAAS CAN-bus, BDG
  (A103)",,Id7700h,,,,https://d1hu4133i4rt3z.cloudfront.net/attachments/827/827261-cc1405d22d844e86e0720e07fdf480bf.pdf
Traktor,Claas,Arion,,Elektroniske styresystemer,Varsellampe / feilkode,,"BDG-modul sender ikke
  meldinger pga. for mange CAN-feil","Sjekk: CLAAS CAN-bus, BDG
  (A103)",,Id7701h,,,,https://d1hu4133i4rt3z.cloudfront.net/attachments/827/827261-cc1405d22d844e86e0720e07fdf480bf.pdf
Traktor,Claas,Arion,,Elektroniske styresystemer,Varsellampe / feilkode,,Kortslutning på elektronisk injektor sylinder 2,"Sjekk: ENG (A15), injektor Y320-2","Motoren går dårlig, tenning på injektor
  2 virker ikke",Id7757h,,,,https://d1hu4133i4rt3z.cloudfront.net/attachments/827/827261-cc1405d22d844e86e0720e07fdf480bf.pdf
Traktor,Claas,Arion,,Elektroniske styresystemer,Varsellampe / feilkode,,"Mekanisk feil på elektronisk injektor
  sylinder 2","Sjekk: forsyningsrør, restriktor,
  injektor Y320-2, ENG (A15)","Motoren går dårlig, tenning
  på injektor 2 virker ikke",Id7758h,,,,https://d1hu4133i4rt3z.cloudfront.net/attachments/827/827261-cc1405d22d844e86e0720e07fdf480bf.pdf
Traktor,Claas,Arion,,Elektroniske styresystemer,Varsellampe / feilkode,,"QR-kode ugyldig for elektronisk
  injektor sylinder 2","Sjekk: ENG (A15), injektor Y320-2","Motoren kan gå dårlig pga.
  feil kalibrering",Id7759h,,,,https://d1hu4133i4rt3z.cloudfront.net/attachments/827/827261-cc1405d22d844e86e0720e07fdf480bf.pdf
Traktor,Claas,Arion,,Elektroniske styresystemer,Varsellampe / feilkode,,"Referanse for injektor sylinder 3
  ugyldig","Sjekk: ENG (A15), injektor Y320-3","Motoren kan gå dårlig pga.
  feil kalibrering",Id775Ah,,,,https://d1hu4133i4rt3z.cloudfront.net/attachments/827/827261-cc1405d22d844e86e0720e07fdf480bf.pdf
Traktor,Claas,Arion,,Elektroniske styresystemer,Varsellampe / feilkode,,"Åpen krets på elektronisk injektor
  sylinder 3","Sjekk: ENG (A15), injektor Y320-3","Motoren går dårlig, tenning
  på injektor 3 virker ikke",Id775Bh,,,,https://d1hu4133i4rt3z.cloudfront.net/attachments/827/827261-cc1405d22d844e86e0720e07fdf480bf.pdf
Traktor,Claas,Arion,,Elektroniske styresystemer,Varsellampe / feilkode,,"Kortslutning på elektronisk injektor
  sylinder 3","Sjekk: ENG (A15), injektor Y320-3","Motoren går dårlig, tenning
  på injektor 3 virker ikke",Id775Ch,,,,https://d1hu4133i4rt3z.cloudfront.net/attachments/827/827261-cc1405d22d844e86e0720e07fdf480bf.pdf
Traktor,Claas,Arion,,Elektroniske styresystemer,Varsellampe / feilkode,,"Mekanisk feil på elektronisk injektor
  sylinder 3","Sjekk: forsyningsrør, restriktor,
  injektor Y320-3, ENG (A15)","Motoren går dårlig, tenning
  på injektor 3 virker ikke",Id775Dh,,,,https://d1hu4133i4rt3z.cloudfront.net/attachments/827/827261-cc1405d22d844e86e0720e07fdf480bf.pdf
Traktor,Claas,Arion,,Elektroniske styresystemer,Varsellampe / feilkode,,"QR-kode ugyldig for elektronisk
  injektor sylinder 3","Sjekk: ENG (A15), injektor Y320-3","Motoren kan gå dårlig pga.
  feil kalibrering",Id775Eh,,,,https://d1hu4133i4rt3z.cloudfront.net/attachments/827/827261-cc1405d22d844e86e0720e07fdf480bf.pdf
Traktor,Claas,Arion,,Elektroniske styresystemer,Varsellampe / feilkode,,"Referanse for injektor sylinder 4
  ugyldig","Sjekk: ENG (A15), injektor Y320-4","Motoren kan gå dårlig pga.
  feil kalibrering",Id775Fh,,,,https://d1hu4133i4rt3z.cloudfront.net/attachments/827/827261-cc1405d22d844e86e0720e07fdf480bf.pdf
Traktor,Claas,Arion,,Elektroniske styresystemer,Varsellampe / feilkode,,"Åpen krets på elektronisk injektor
  sylinder 4","Sjekk: ENG (A15), injektor Y320-4","Motoren går dårlig, tenning
  på injektor 4 virker ikke",Id7760h,,,,https://d1hu4133i4rt3z.cloudfront.net/attachments/827/827261-cc1405d22d844e86e0720e07fdf480bf.pdf
Traktor,Claas,Arion,,Elektroniske styresystemer,Varsellampe / feilkode,,"Kortslutning på elektronisk injektor
  sylinder 4","Sjekk: ENG (A15), injektor Y320-4","Motoren går dårlig, tenning
  på injektor 4 virker ikke",Id7761h,,,,https://d1hu4133i4rt3z.cloudfront.net/attachments/827/827261-cc1405d22d844e86e0720e07fdf480bf.pdf
Traktor,Claas,Arion,,Elektroniske styresystemer,Varsellampe / feilkode,,"Mekanisk feil på elektronisk injektor
  sylinder 4","Sjekk: forsyningsrør, restriktor,
  injektor Y320-4, ENG (A15)","Motoren går dårlig, tenning
  på injektor 4 virker ikke",Id7762h,,,,https://d1hu4133i4rt3z.cloudfront.net/attachments/827/827261-cc1405d22d844e86e0720e07fdf480bf.pdf
Traktor,Claas,Arion,,Elektroniske styresystemer,Varsellampe / feilkode,,"QR-kode ugyldig for elektronisk
  injektor sylinder 4","Sjekk: ENG (A15), injektor Y320-4","Motoren kan gå dårlig pga.
  feil kalibrering",Id7763h,,,,https://d1hu4133i4rt3z.cloudfront.net/attachments/827/827261-cc1405d22d844e86e0720e07fdf480bf.pdf
Traktor,Claas,Arion,,Elektroniske styresystemer,Varsellampe / feilkode,,"Referanse for injektor sylinder 5
  ugyldig","Sjekk: ENG (A15), injektor Y320-5","Motoren kan gå dårlig pga.
  feil kalibrering",Id7764h,,,,https://d1hu4133i4rt3z.cloudfront.net/attachments/827/827261-cc1405d22d844e86e0720e07fdf480bf.pdf
Traktor,Claas,Arion,,Elektroniske styresystemer,Varsellampe / feilkode,,"Åpen krets på elektronisk injektor
  sylinder 5","Sjekk: ENG (A15), injektor Y320-5","Motoren går dårlig, tenning
  på injektor 5 virker ikke",Id7765h,,,,https://d1hu4133i4rt3z.cloudfront.net/attachments/827/827261-cc1405d22d844e86e0720e07fdf480bf.pdf
Traktor,Claas,Arion,,Elektroniske styresystemer,Varsellampe / feilkode,,"Kortslutning på elektronisk injektor
  sylinder 5","Sjekk: ENG (A15), injektor Y320-5","Motoren går dårlig, tenning
  på injektor 5 virker ikke",Id7766h,,,,https://d1hu4133i4rt3z.cloudfront.net/attachments/827/827261-cc1405d22d844e86e0720e07fdf480bf.pdf
Traktor,Claas,Arion,,Elektroniske styresystemer,Varsellampe / feilkode,,"Mekanisk feil på elektronisk injektor
  sylinder 5","Sjekk: forsyningsrør, restriktor,
  injektor Y320-5, ENG (A15)","Motoren går dårlig, tenning
  på injektor 5 virker ikke",Id7767h,,,,https://d1hu4133i4rt3z.cloudfront.net/attachments/827/827261-cc1405d22d844e86e0720e07fdf480bf.pdf
Traktor,Claas,Arion,,Elektroniske styresystemer,Varsellampe / feilkode,,"QR-kode ugyldig for elektronisk
  injektor sylinder 5","Sjekk: ENG (A15), injektor Y320-5","Motoren kan gå dårlig pga.
  feil kalibrering",Id7768h,,,,https://d1hu4133i4rt3z.cloudfront.net/attachments/827/827261-cc1405d22d844e86e0720e07fdf480bf.pdf
Traktor,Claas,Arion,,Elektroniske styresystemer,Varsellampe / feilkode,,"Referanse for injektor sylinder 6
  ugyldig","Sjekk: ENG (A15), injektor Y320-6","Motoren kan gå dårlig pga.
  feil kalibrering",Id7769h,,,,https://d1hu4133i4rt3z.cloudfront.net/attachments/827/827261-cc1405d22d844e86e0720e07fdf480bf.pdf
Traktor,Claas,Arion,,Elektroniske styresystemer,Varsellampe / feilkode,,"Åpen krets på elektronisk injektor
  sylinder 6","Sjekk: ENG (A15), injektor Y320-6","Motoren går dårlig, tenning
  på injektor 6 virker ikke",Id776Ah,,,,https://d1hu4133i4rt3z.cloudfront.net/attachments/827/827261-cc1405d22d844e86e0720e07fdf480bf.pdf
Traktor,Claas,Arion,,Elektroniske styresystemer,Varsellampe / feilkode,,"Kortslutning på elektronisk injektor
  sylinder 6","Sjekk: ENG (A15), injektor Y320-6","Motoren går dårlig, tenning
  på injektor 6 virker ikke",Id776Bh,,,,https://d1hu4133i4rt3z.cloudfront.net/attachments/827/827261-cc1405d22d844e86e0720e07fdf480bf.pdf
Traktor,Claas,Arion,,Elektroniske styresystemer,Varsellampe / feilkode,,"Mekanisk feil på elektronisk injektor
  sylinder 6","Sjekk: forsyningsrør, restriktor,
  injektor Y320-6, ENG (A15)","Motoren går dårlig, tenning
  på injektor 6 virker ikke",Id776Ch,,,,https://d1hu4133i4rt3z.cloudfront.net/attachments/827/827261-cc1405d22d844e86e0720e07fdf480bf.pdf
Traktor,Claas,Arion,,Elektroniske styresystemer,Varsellampe / feilkode,,"QR-kode ugyldig for elektronisk
  injektor sylinder 6","Sjekk: ENG (A15), injektor Y320-6","Motoren kan gå dårlig pga.
  feil kalibrering",Id776Dh,,,,https://d1hu4133i4rt3z.cloudfront.net/attachments/827/827261-cc1405d22d844e86e0720e07fdf480bf.pdf
Traktor,Claas,Arion,,Elektroniske styresystemer,Varsellampe / feilkode,,Motortemperatur for høy,Sjekk: ENG (A15),"Motorstyring reduserer
  turtall med 600 rpm og begrenser til 1200 rpm",Id776Eh,,,,https://d1hu4133i4rt3z.cloudfront.net/attachments/827/827261-cc1405d22d844e86e0720e07fdf480bf.pdf
Traktor,Claas,Arion,,Elektroniske styresystemer,Varsellampe / feilkode,,Motortemperatur middels høy,Sjekk: ENG (A15),"Motorstyring reduserer
  turtall med 600 rpm og begrenser til 1200 rpm",Id776Fh,,,,https://d1hu4133i4rt3z.cloudfront.net/attachments/827/827261-cc1405d22d844e86e0720e07fdf480bf.pdf
Traktor,Claas,Arion,,Elektroniske styresystemer,Varsellampe / feilkode,,"Høy spenning på luftinntak temp. sensor
  turbo","Sjekk: luftinntak temp. sensor (B1),
  ENG (A15)",Standardverdi 30°C brukes,Id7770h,,,,https://d1hu4133i4rt3z.cloudfront.net/attachments/827/827261-cc1405d22d844e86e0720e07fdf480bf.pdf
Traktor,Claas,Arion,,Elektroniske styresystemer,Varsellampe / feilkode,,"Lav spenning på luftinntak temp. sensor
  turbo","Sjekk: luftinntak temp. sensor (B1),
  ENG (A15)",Standardverdi 30°C brukes,Id7771h,,,,https://d1hu4133i4rt3z.cloudfront.net/attachments/827/827261-cc1405d22d844e86e0720e07fdf480bf.pdf
Traktor,Claas,Arion,,Elektroniske styresystemer,Varsellampe / feilkode,,Luftinntak temp. turbo for høy,"Sjekk: luftinntak temp. sensor (B1),
  luftfilter, motorvifte, trykkluftsystem","Motorstyring reduserer
  effekt med 20% per min til 50%",Id7772h,,,,https://d1hu4133i4rt3z.cloudfront.net/attachments/827/827261-cc1405d22d844e86e0720e07fdf480bf.pdf
Traktor,Claas,Arion,,Elektroniske styresystemer,Varsellampe / feilkode,,Luftinntak temp. turbo middels høy,"Sjekk: luftinntak temp. sensor (B1),
  luftfilter, motorvifte, trykkluftsystem","Motorstyring reduserer
  effekt til 95% (gjenoppretting 5% per min)",Id7773h,,,,https://d1hu4133i4rt3z.cloudfront.net/attachments/827/827261-cc1405d22d844e86e0720e07fdf480bf.pdf
Traktor,Claas,Arion,,Elektroniske styresystemer,Varsellampe / feilkode,,"Høy strøm på høytrykkspumpe
  magnetventil",Sjekk: magnetventil Y344,Motoren kan gå ujevnt,Id7774h,,,,https://d1hu4133i4rt3z.cloudfront.net/attachments/827/827261-cc1405d22d844e86e0720e07fdf480bf.pdf
Traktor,Claas,Arion,,Elektroniske styresystemer,Varsellampe / feilkode,,"Ulik strøm på høytrykkspumpe
  magnetventil",Sjekk: magnetventil Y344,"Motoren øker effekt
  midlertidig",Id7775h,,,,https://d1hu4133i4rt3z.cloudfront.net/attachments/827/827261-cc1405d22d844e86e0720e07fdf480bf.pdf
Traktor,Claas,Arion,,Elektroniske styresystemer,Varsellampe / feilkode,,Feil på drivstofftrykk i common rail,"Sjekk: rør, timing, trykksensor (B42),
  ENG (A15)","Motorstyring justerer
  pumpe, motor kan gå ujevnt",Id7776h,,,,https://d1hu4133i4rt3z.cloudfront.net/attachments/827/827261-cc1405d22d844e86e0720e07fdf480bf.pdf
Traktor,Claas,Arion,,Elektroniske styresystemer,Varsellampe / feilkode,,Reduksjon av drivstofftilførsel,Sjekk relaterte feilkoder,"Motorstyring reduserer
  tilførsel for å beskytte motoren",Id7777h,,,,https://d1hu4133i4rt3z.cloudfront.net/attachments/827/827261-cc1405d22d844e86e0720e07fdf480bf.pdf
Traktor,Claas,Arion,,Elektroniske styresystemer,Varsellampe / feilkode,,Friskluftinntak temp. for høy,"Sjekk: intercooler, friskluft temp.
  sensor (B222)","Motorstyring reduserer
  effekt med 20% per min til 40%",Id7778h,,,,https://d1hu4133i4rt3z.cloudfront.net/attachments/827/827261-cc1405d22d844e86e0720e07fdf480bf.pdf
Traktor,Claas,Arion,,Elektroniske styresystemer,Varsellampe / feilkode,,"Høy spenning på friskluftinntak temp.
  sensor","Sjekk: friskluft temp. sensor (B222),
  ENG (A15)","Standardverdi 50°C brukes,
  EGR-beskyttelse deaktivert",Id7779h,,,,https://d1hu4133i4rt3z.cloudfront.net/attachments/827/827261-cc1405d22d844e86e0720e07fdf480bf.pdf
Traktor,Claas,Arion,,Elektroniske styresystemer,Varsellampe / feilkode,,"Lav spenning på friskluftinntak temp.
  sensor","Sjekk: friskluft temp. sensor (B222),
  ENG (A15)","Standardverdi 50°C brukes,
  EGR-beskyttelse deaktivert",Id777Ah,,,,https://d1hu4133i4rt3z.cloudfront.net/attachments/827/827261-cc1405d22d844e86e0720e07fdf480bf.pdf
Traktor,Claas,Arion,,Elektroniske styresystemer,Varsellampe / feilkode,,Friskluftinntak temp. litt høy,"Sjekk: intercooler, friskluft temp.
  sensor (B222), ENG (A15)",Motoren går normalt,Id777Bh,,,,https://d1hu4133i4rt3z.cloudfront.net/attachments/827/827261-cc1405d22d844e86e0720e07fdf480bf.pdf
Traktor,Claas,Arion,,Elektroniske styresystemer,Varsellampe / feilkode,,Friskluftinntak temp. middels høy,"Sjekk: intercooler, friskluft temp.
  sensor (B222), ENG (A15)","Motorstyring reduserer
  effekt med 5% per min til 80%",Id777Ch,,,,https://d1hu4133i4rt3z.cloudfront.net/attachments/827/827261-cc1405d22d844e86e0720e07fdf480bf.pdf
Traktor,Claas,Arion,,Elektroniske styresystemer,Varsellampe / feilkode,,Avvik i EGR-gjenvinningsmengde/temperatur,"Sjekk: luftinntak temp./trykksensorer
  B222, B042, B221, ENG (A15)",Motoren går normalt,Id777Dh,,,,https://d1hu4133i4rt3z.cloudfront.net/attachments/827/827261-cc1405d22d844e86e0720e07fdf480bf.pdf
Traktor,Claas,Arion,,Elektroniske styresystemer,Varsellampe / feilkode,,EGR-gjenvinningsmengde litt høy,"Sjekk: EGR-aktuator (M38), ENG (A15)",,Id777Eh,,,,https://d1hu4133i4rt3z.cloudfront.net/attachments/827/827261-cc1405d22d844e86e0720e07fdf480bf.pdf
Traktor,Claas,Arion,,Elektroniske styresystemer,Varsellampe / feilkode,,EGR-gjenvinningsmengde litt lav,"Sjekk: EGR-aktuator (M38), ENG (A15)","Motorstyring reduserer
  effekt med 20% per min til 80%",Id777Fh,,,,https://d1hu4133i4rt3z.cloudfront.net/attachments/827/827261-cc1405d22d844e86e0720e07fdf480bf.pdf
Traktor,Claas,Arion,,Elektroniske styresystemer,Varsellampe / feilkode,,Turbo utløpstemperatur middels høy,"Sjekk relaterte feilkoder, luftfilter,
  motorvifte","Motorstyring reduserer
  effekt med 20% per min til 50%",Id7780h,,,,https://d1hu4133i4rt3z.cloudfront.net/attachments/827/827261-cc1405d22d844e86e0720e07fdf480bf.pdf
Traktor,Claas,Arion,,Elektroniske styresystemer,Varsellampe / feilkode,,EGR-ventil posisjon ugyldig,"Sjekk: EGR-aktuator (M38), ENG (A15)","Motorstyring reduserer
  effekt med 20% per min til 80%",Id7781h,,,,https://d1hu4133i4rt3z.cloudfront.net/attachments/827/827261-cc1405d22d844e86e0720e07fdf480bf.pdf
Traktor,Claas,Arion,,Elektroniske styresystemer,Varsellampe / feilkode,,"Signal fra EGR-ventil over maks
  toleranse","Sjekk: EGR-aktuator (M38), ENG (A15)","Gir Id7784h/Id7785h, effekt
  reduseres",Id7782h,,,,https://d1hu4133i4rt3z.cloudfront.net/attachments/827/827261-cc1405d22d844e86e0720e07fdf480bf.pdf
Traktor,Claas,Arion,,Elektroniske styresystemer,Varsellampe / feilkode,,"Signal fra EGR-ventil under min
  toleranse","Sjekk: EGR-aktuator (M38), ENG (A15)","Gir Id7784h/Id7785h, effekt
  reduseres",Id7783h,,,,https://d1hu4133i4rt3z.cloudfront.net/attachments/827/827261-cc1405d22d844e86e0720e07fdf480bf.pdf
Traktor,Claas,Arion,,Elektroniske styresystemer,Varsellampe / feilkode,,Kommando-feil EGR-ventil,"Sjekk: EGR-aktuator (M38), ENG (A15)","Se Id7782h, Id7783h,
  Id7790h, Id7791h først",Id7784h,,,,https://d1hu4133i4rt3z.cloudfront.net/attachments/827/827261-cc1405d22d844e86e0720e07fdf480bf.pdf
Traktor,Claas,Arion,,Elektroniske styresystemer,Varsellampe / feilkode,,EGR-ventil ute av kalibrering,"Sjekk: EGR-aktuator (M38), ENG (A15)","Se Id7782h, Id7783h,
  Id7790h, Id7791h først, effekt reduseres",Id7785h,,,,https://d1hu4133i4rt3z.cloudfront.net/attachments/827/827261-cc1405d22d844e86e0720e07fdf480bf.pdf
Traktor,Claas,Arion,,Elektroniske styresystemer,Varsellampe / feilkode,,Kalibreringsfeil EGR-ventil,"Sjekk: EGR-aktuator (M38), ENG (A15)",Motoren går normalt,Id7786h,,,,https://d1hu4133i4rt3z.cloudfront.net/attachments/827/827261-cc1405d22d844e86e0720e07fdf480bf.pdf
Traktor,Claas,Arion,,Elektroniske styresystemer,Varsellampe / feilkode,,Avvik i posisjon turboaktuator,"Sjekk: turboaktuator (M37), turbo, ENG
  (A15)","Motorstyring reduserer
  effekt med 20% per min til 50%",Id7787h,,,,https://d1hu4133i4rt3z.cloudfront.net/attachments/827/827261-cc1405d22d844e86e0720e07fdf480bf.pdf
Traktor,Claas,Arion,,Elektroniske styresystemer,Varsellampe / feilkode,,"Høy referansespenning drivstofftrykk
  sensor","Sjekk: trykksensor (B42), ENG (A15)","Motorstyring forsøker
  normal drift",Id7788h,,,,https://d1hu4133i4rt3z.cloudfront.net/attachments/827/827261-cc1405d22d844e86e0720e07fdf480bf.pdf
Traktor,Claas,Arion,,Elektroniske styresystemer,Varsellampe / feilkode,,"Lav referansespenning drivstofftrykk
  sensor","Sjekk: trykksensor (B42), ENG (A15)","Motorstyring forsøker
  normal drift",Id7789h,,,,https://d1hu4133i4rt3z.cloudfront.net/attachments/827/827261-cc1405d22d844e86e0720e07fdf480bf.pdf
Traktor,Claas,Arion,,Elektroniske styresystemer,Varsellampe / feilkode,,"Referansespenning (5V) for trykk-, temperatur- og vannsensorer
  for høy",Sjekk: ENG (A15),Motorstyring forsøker normal drift,Id778Ah,,,,https://d1hu4133i4rt3z.cloudfront.net/attachments/827/827261-cc1405d22d844e86e0720e07fdf480bf.pdf
Traktor,Claas,Arion,,Elektroniske styresystemer,Varsellampe / feilkode,,"Referansespenning (5V) for trykk-, temperatur- og vannsensorer
  for lav",Sjekk: ENG (A15),Motorstyring forsøker normal drift,Id778Bh,,,,https://d1hu4133i4rt3z.cloudfront.net/attachments/827/827261-cc1405d22d844e86e0720e07fdf480bf.pdf
Traktor,Claas,Arion,,Elektroniske styresystemer,Varsellampe / feilkode,,Referansespenning (5V) høy. Ikke brukt,Sjekk: ENG (A15),Motorstyring forsøker normal drift,Id778Ch,,,,https://d1hu4133i4rt3z.cloudfront.net/attachments/827/827261-cc1405d22d844e86e0720e07fdf480bf.pdf
Traktor,Claas,Arion,,Elektroniske styresystemer,Varsellampe / feilkode,,Referansespenning (5V) lav. Ikke brukt,Sjekk: ENG (A15),Motorstyring forsøker normal drift,Id778Dh,,,,https://d1hu4133i4rt3z.cloudfront.net/attachments/827/827261-cc1405d22d844e86e0720e07fdf480bf.pdf
Traktor,Claas,Arion,,Elektroniske styresystemer,Varsellampe / feilkode,,Referansespenning (5V) høy. Ikke brukt,Sjekk: ENG (A15),Motorstyring forsøker normal drift,Id778Eh,,,,https://d1hu4133i4rt3z.cloudfront.net/attachments/827/827261-cc1405d22d844e86e0720e07fdf480bf.pdf
Traktor,Claas,Arion,,Elektroniske styresystemer,Varsellampe / feilkode,,Referansespenning (5V) lav. Ikke brukt,Sjekk: ENG (A15),Motorstyring forsøker normal drift,Id778Fh,,,,https://d1hu4133i4rt3z.cloudfront.net/attachments/827/827261-cc1405d22d844e86e0720e07fdf480bf.pdf
Traktor,Claas,Arion,,Elektroniske styresystemer,Varsellampe / feilkode,,Referansespenning (5V) for EGR-ventil posisjonssensor for høy,"Sjekk: EGR-aktuator (M38), ENG (A15)",Motorstyring forsøker normal drift,Id7790h,,,,https://d1hu4133i4rt3z.cloudfront.net/attachments/827/827261-cc1405d22d844e86e0720e07fdf480bf.pdf
Traktor,Claas,Arion,,Elektroniske styresystemer,Varsellampe / feilkode,,Referansespenning (5V) for EGR-ventil posisjonssensor for lav,"Sjekk: EGR-aktuator (M38), mulig kortslutning til jord på 5V
  forsyning",Motorstyring forsøker normal drift,Id7791h,,,,https://d1hu4133i4rt3z.cloudfront.net/attachments/827/827261-cc1405d22d844e86e0720e07fdf480bf.pdf
Traktor,Claas,Arion,,Elektroniske styresystemer,Varsellampe / feilkode,,Intern feil på Cebis-terminalen,Sjekk: MFT (A30),Tilfeldig oppførsel,Id7877h,,,,https://d1hu4133i4rt3z.cloudfront.net/attachments/827/827261-cc1405d22d844e86e0720e07fdf480bf.pdf
Traktor,Claas,Arion,,Elektroniske styresystemer,Varsellampe / feilkode,,Lysstyrkesensor på terminal ute av drift,Sjekk: MFT (A30),Automatisk lysstyring inaktiv,Id7878h,,,,https://d1hu4133i4rt3z.cloudfront.net/attachments/827/827261-cc1405d22d844e86e0720e07fdf480bf.pdf
Traktor,Claas,Arion,,Elektroniske styresystemer,Varsellampe / feilkode,,Intern temperatursensor på terminal ute av drift,Sjekk: MFT (A30),Sensor inaktiv,Id7879h,,,,https://d1hu4133i4rt3z.cloudfront.net/attachments/827/827261-cc1405d22d844e86e0720e07fdf480bf.pdf
Traktor,Claas,Arion,,Elektroniske styresystemer,Varsellampe / feilkode,,For lav spenning til høyttaler,"Sjekk: Høyttaler (C22), MFT (A30)",Høyttaler aktiv,Id787Ah,,,,https://d1hu4133i4rt3z.cloudfront.net/attachments/827/827261-cc1405d22d844e86e0720e07fdf480bf.pdf
Traktor,Claas,Arion,,Elektroniske styresystemer,Varsellampe / feilkode,,For høy spenning til høyttaler,"Sjekk: Høyttaler (C22), MFT (A30)",Høyttaler aktiv,Id787Bh,,,,https://d1hu4133i4rt3z.cloudfront.net/attachments/827/827261-cc1405d22d844e86e0720e07fdf480bf.pdf
Traktor,Claas,Arion,,Elektroniske styresystemer,Varsellampe / feilkode,,Kortslutning til 12V på CLAAS CAN-bus,"Sjekk: CLAAS CAN-bus, MFT (A30)","Terminal sender ikke på CAN, men kan motta",Id787Ch,,,,https://d1hu4133i4rt3z.cloudfront.net/attachments/827/827261-cc1405d22d844e86e0720e07fdf480bf.pdf
Traktor,Claas,Arion,,Elektroniske styresystemer,Varsellampe / feilkode,,Kortslutning til jord på CLAAS CAN-bus,"Sjekk: CLAAS CAN-bus, MFT (A30)",,Id787Dh,,,,https://d1hu4133i4rt3z.cloudfront.net/attachments/827/827261-cc1405d22d844e86e0720e07fdf480bf.pdf
Traktor,Claas,Arion,,Elektroniske styresystemer,Varsellampe / feilkode,,CAN-bus-komponent i MFT-modul defekt,"Sjekk: CLAAS CAN-bus, MFT (A30)",,Id787Eh,,,,https://d1hu4133i4rt3z.cloudfront.net/attachments/827/827261-cc1405d22d844e86e0720e07fdf480bf.pdf
Traktor,Claas,Arion,,Elektroniske styresystemer,Varsellampe / feilkode,,Terminal sender ikke meldinger pga. for mange CAN-feil,"Sjekk: CLAAS CAN-bus, MFT (A30)",,Id787Fh,,,,https://d1hu4133i4rt3z.cloudfront.net/attachments/827/827261-cc1405d22d844e86e0720e07fdf480bf.pdf
Traktor,Claas,Arion,,Elektroniske styresystemer,Varsellampe / feilkode,,EXT-modul mottar ugyldig info fra WLP-modul >5 sek (CAN),"Sjekk: CLAAS CAN-bus, kommunikasjonsmodul",Info fra WLP ikke tilgjengelig på 7-pin ISO-kontakt,Id7894h,,,,https://d1hu4133i4rt3z.cloudfront.net/attachments/827/827261-cc1405d22d844e86e0720e07fdf480bf.pdf
Traktor,Claas,Arion,,Elektroniske styresystemer,Varsellampe / feilkode,,"EXT-modul mottar ugyldig info om innkobling av bakre PTO >5
  sek (CAN)","Sjekk: CLAAS CAN-bus, kommunikasjonsmodul","Info om innkobling av bakre PTO ikke tilgjengelig på 7-pin
  ISO-kontakt",Id7895h,,,,https://d1hu4133i4rt3z.cloudfront.net/attachments/827/827261-cc1405d22d844e86e0720e07fdf480bf.pdf
Traktor,Claas,Arion,,Elektroniske styresystemer,Varsellampe / feilkode,,Du er i ferd med å starte en CSM-sekvens,,,Id78A0h,,,,https://d1hu4133i4rt3z.cloudfront.net/attachments/827/827261-cc1405d22d844e86e0720e07fdf480bf.pdf
Traktor,Claas,Arion,,Elektroniske styresystemer,Varsellampe / feilkode,,CSM-sekvens avbrutt,,Sekvens avbrutt ved tenning av,Id78A1h,,,,https://d1hu4133i4rt3z.cloudfront.net/attachments/827/827261-cc1405d22d844e86e0720e07fdf480bf.pdf
Traktor,Claas,Arion,,Elektroniske styresystemer,Varsellampe / feilkode,,CSM-sekvens kan ikke startes,"Farten må overstige 1,5 km/t",Farten er ikke høy nok,Id78A2h,,,,https://d1hu4133i4rt3z.cloudfront.net/attachments/827/827261-cc1405d22d844e86e0720e07fdf480bf.pdf
Traktor,Claas,Arion,,Elektroniske styresystemer,Varsellampe / feilkode,,Versjon av CSM-sekvens ikke kompatibel,,Sekvens slettet,Id78A3h,,,,https://d1hu4133i4rt3z.cloudfront.net/attachments/827/827261-cc1405d22d844e86e0720e07fdf480bf.pdf
Traktor,Claas,Arion,,Elektroniske styresystemer,Varsellampe / feilkode,,"Feil på ""Claas Sequence Management""-bryter (S177)","Sjekk: S177-bryter, EXT (A62), HYD (A60)",,Id78A4h,,,,https://d1hu4133i4rt3z.cloudfront.net/attachments/827/827261-cc1405d22d844e86e0720e07fdf480bf.pdf
Traktor,Claas,Arion,,Elektroniske styresystemer,Varsellampe / feilkode,,"Sett CSM-bryter (S177) til ""play"" før sekvensvalg",,,Id78A5h,,,,https://d1hu4133i4rt3z.cloudfront.net/attachments/827/827261-cc1405d22d844e86e0720e07fdf480bf.pdf
Traktor,Claas,Arion,,Elektroniske styresystemer,Varsellampe / feilkode,,CSM-sekvens avbrutt,,Avbrutt ved ekstern kommando,Id78A6h,,,,https://d1hu4133i4rt3z.cloudfront.net/attachments/827/827261-cc1405d22d844e86e0720e07fdf480bf.pdf
Traktor,Claas,Arion,,Elektroniske styresystemer,Varsellampe / feilkode,,CSM-sekvens avbrutt,,Avbrutt fordi fører ikke sitter i setet,Id78A7h,,,,https://d1hu4133i4rt3z.cloudfront.net/attachments/827/827261-cc1405d22d844e86e0720e07fdf480bf.pdf
Traktor,Claas,Arion,,Elektroniske styresystemer,Varsellampe / feilkode,,CSM-sekvens avbrutt,"Farten må overstige 1,5 km/t",Farten er ikke høy nok,Id78A8h,,,,https://d1hu4133i4rt3z.cloudfront.net/attachments/827/827261-cc1405d22d844e86e0720e07fdf480bf.pdf
Traktor,Claas,Arion,,Elektroniske styresystemer,Varsellampe / feilkode,,CSM-sekvens avbrutt,,Avbrutt fordi motor ikke går,Id78A9h,,,,https://d1hu4133i4rt3z.cloudfront.net/attachments/827/827261-cc1405d22d844e86e0720e07fdf480bf.pdf
Traktor,Claas,Arion,,Elektroniske styresystemer,Varsellampe / feilkode,,En funksjon som skal styres av CSM er utenfor kontroll,"Sjekk: HYD (A60), ledningsnett, ventil, EXT (A62)",Innslag avvist,Id78AAh,,,,https://d1hu4133i4rt3z.cloudfront.net/attachments/827/827261-cc1405d22d844e86e0720e07fdf480bf.pdf
Traktor,Claas,Arion,,Elektroniske styresystemer,Varsellampe / feilkode,,Kommunikasjonsproblem mellom CSM-funksjon og EXT-modul,"Sjekk: HYD (A60), ledningsnett, ventil, EXT (A62)",Ingen respons etter validering,Id78ABh,,,,https://d1hu4133i4rt3z.cloudfront.net/attachments/827/827261-cc1405d22d844e86e0720e07fdf480bf.pdf
Traktor,Claas,Arion,,Elektroniske styresystemer,Varsellampe / feilkode,,Kommunikasjonsproblem mellom CSM-funksjon og EXT-modul,"Sjekk: HYD (A60), ledningsnett, ventil, EXT (A62)",Ingen innkommende melding,Id78ACh,,,,https://d1hu4133i4rt3z.cloudfront.net/attachments/827/827261-cc1405d22d844e86e0720e07fdf480bf.pdf
Traktor,Claas,Arion,,Elektroniske styresystemer,Varsellampe / feilkode,,Opptak av CSM-sekvens avbrutt,,"Minne fullt, opptak avbrutt",Id78ADh,,,,https://d1hu4133i4rt3z.cloudfront.net/attachments/827/827261-cc1405d22d844e86e0720e07fdf480bf.pdf
Traktor,Claas,Arion,,Elektroniske styresystemer,Varsellampe / feilkode,,EXT-modul oppdager inkonsistens mellom to signaler,"Sjekk: S177-bryter, EXT (A62)",,Id78AEh,,,,https://d1hu4133i4rt3z.cloudfront.net/attachments/827/827261-cc1405d22d844e86e0720e07fdf480bf.pdf
Traktor,Claas,Arion,,Elektroniske styresystemer,Varsellampe / feilkode,,CSM-sekvens kan ikke startes,,Kan ikke vise sekvens,Id78AFh,,,,https://d1hu4133i4rt3z.cloudfront.net/attachments/827/827261-cc1405d22d844e86e0720e07fdf480bf.pdf
Traktor,Claas,Arion,,Elektroniske styresystemer,Varsellampe / feilkode,,CSM-sekvens kan ikke startes,,Ingen gyldig sekvens lagret,Id78C6h,,,,https://d1hu4133i4rt3z.cloudfront.net/attachments/827/827261-cc1405d22d844e86e0720e07fdf480bf.pdf
Traktor,Claas,Arion,,Elektroniske styresystemer,Varsellampe / feilkode,,"CAN ""Distance""-melding ikke mottatt av EXT-modul","Sjekk: DBD (A101), BDG (A103), CAN-bus",,Id78C7h,,,,https://d1hu4133i4rt3z.cloudfront.net/attachments/827/827261-cc1405d22d844e86e0720e07fdf480bf.pdf
Traktor,Claas,Arion,,Elektroniske styresystemer,Varsellampe / feilkode,,Intern feil CSM,,,Id78C8h,,,,https://d1hu4133i4rt3z.cloudfront.net/attachments/827/827261-cc1405d22d844e86e0720e07fdf480bf.pdf
Traktor,Claas,Arion,,Elektroniske styresystemer,Varsellampe / feilkode,,Ingen CSM-sekvens kan leses eller lagres,,Motoren går ikke,Id78C9h,,,,https://d1hu4133i4rt3z.cloudfront.net/attachments/827/827261-cc1405d22d844e86e0720e07fdf480bf.pdf
Traktor,Claas,Arion,,Elektroniske styresystemer,Varsellampe / feilkode,,Ingen CSM-sekvens kan leses eller lagres,,Fører ikke i setet,Id78CAh,,,,https://d1hu4133i4rt3z.cloudfront.net/attachments/827/827261-cc1405d22d844e86e0720e07fdf480bf.pdf
Traktor,Claas,Arion,,Elektroniske styresystemer,Varsellampe / feilkode,,Ingen CSM-sekvens kan leses eller lagres,,Tenning av,Id78CBh,,,,https://d1hu4133i4rt3z.cloudfront.net/attachments/827/827261-cc1405d22d844e86e0720e07fdf480bf.pdf
Traktor,Claas,Arion,,Elektroniske styresystemer,Varsellampe / feilkode,,Ingen CSM-sekvens kan leses eller lagres,,Farten overstiger 20 km/t,Id78CCh,,,,https://d1hu4133i4rt3z.cloudfront.net/attachments/827/827261-cc1405d22d844e86e0720e07fdf480bf.pdf
Traktor,Claas,Arion,,Elektroniske styresystemer,Varsellampe / feilkode,,"CAN ""Motor går""-melding ikke mottatt av EXT-modul","Sjekk: TR2 (A57-2), BDG (A103), EXT (A62)",,Id78D1h,,,,https://d1hu4133i4rt3z.cloudfront.net/attachments/827/827261-cc1405d22d844e86e0720e07fdf480bf.pdf
Traktor,Claas,Arion,,Elektroniske styresystemer,Varsellampe / feilkode,,"CAN ""Fører sitter"" melding ikke mottatt av EXT-modul","Sjekk: TR2 (A57-2), BDG (A103), EXT (A62)",,Id78D2h,,,,https://d1hu4133i4rt3z.cloudfront.net/attachments/827/827261-cc1405d22d844e86e0720e07fdf480bf.pdf
Traktor,Claas,Arion,,Elektroniske styresystemer,Varsellampe / feilkode,,"CAN ""Tenning av"" melding ikke mottatt av EXT-modul","Sjekk: REH (A58), BDG (A103), EXT (A62)",,Id78D3h,,,,https://d1hu4133i4rt3z.cloudfront.net/attachments/827/827261-cc1405d22d844e86e0720e07fdf480bf.pdf
Traktor,Claas,Arion,,Elektroniske styresystemer,Varsellampe / feilkode,,"CAN ""Kontakter S1 eller S2"" melding ikke mottatt av
  EXT-modul","Sjekk: MFA (A100), EXT (A62)",,Id78D4h,,,,https://d1hu4133i4rt3z.cloudfront.net/attachments/827/827261-cc1405d22d844e86e0720e07fdf480bf.pdf
Traktor,Claas,Arion,,Elektroniske styresystemer,Varsellampe / feilkode,,"CAN ""Stoppkontakt"" melding ikke mottatt av EXT-modul","Sjekk: MFA (A100), EXT (A62)",,Id78D5h,,,,https://d1hu4133i4rt3z.cloudfront.net/attachments/827/827261-cc1405d22d844e86e0720e07fdf480bf.pdf
Traktor,Claas,Arion,,Elektroniske styresystemer,Varsellampe / feilkode,,"CAN ""CSM-tillatelse"" melding ikke mottatt av
  EXT-modul","Sjekk: HYD (A60), EXT (A62)",,Id78D6h,,,,https://d1hu4133i4rt3z.cloudfront.net/attachments/827/827261-cc1405d22d844e86e0720e07fdf480bf.pdf
Traktor,Claas,Arion,,Elektroniske styresystemer,Varsellampe / feilkode,,CSM-sekvens kan ikke startes,,Farten overstiger 20 km/t,Id78D7h,,,,https://d1hu4133i4rt3z.cloudfront.net/attachments/827/827261-cc1405d22d844e86e0720e07fdf480bf.pdf
Traktor,Claas,Arion,,Elektroniske styresystemer,Varsellampe / feilkode,,"Høy referansespenning drivstofftrykk
  sensor",,"Sjekk: trykksensor (B42),
  ENG (A15)",Id7788h,,,,https://d1hu4133i4rt3z.cloudfront.net/attachments/827/827261-cc1405d22d844e86e0720e07fdf480bf.pdf
Traktor,Claas,Arion,,Elektroniske styresystemer,Varsellampe / feilkode,,"CAN ""Fart""-melding ikke mottatt eller ugyldig","Sjekk: Fartssensor (GPS, radar, hjul),
  DBD (A101), BDG (A103)",,Id78D8h,,,,https://d1hu4133i4rt3z.cloudfront.net/attachments/827/827261-cc1405d22d844e86e0720e07fdf480bf.pdf
Traktor,Claas,Arion,,Elektroniske styresystemer,Varsellampe / feilkode,,Sekvensopptak avbrutt,,,Id78D9h,,,,https://d1hu4133i4rt3z.cloudfront.net/attachments/827/827261-cc1405d22d844e86e0720e07fdf480bf.pdf
Traktor,Claas,Arion,,Elektroniske styresystemer,Varsellampe / feilkode,,"CSM-sekvens kan ikke startes, batterispenning for lav",,,Id78DAh,,,,https://d1hu4133i4rt3z.cloudfront.net/attachments/827/827261-cc1405d22d844e86e0720e07fdf480bf.pdf
Traktor,Claas,Arion,,Elektroniske styresystemer,Varsellampe / feilkode,,"CSM-sekvens avbrutt, ukjent funksjon",,,Id78DBh,,,,https://d1hu4133i4rt3z.cloudfront.net/attachments/827/827261-cc1405d22d844e86e0720e07fdf480bf.pdf
Traktor,Claas,Arion,,Elektroniske styresystemer,Varsellampe / feilkode,,"CSM-sekvens kan ikke startes, feil maskintype",,,Id78DCh,,,,https://d1hu4133i4rt3z.cloudfront.net/attachments/827/827261-cc1405d22d844e86e0720e07fdf480bf.pdf
Traktor,Claas,Arion,,Elektroniske styresystemer,Varsellampe / feilkode,,Bekreftelse av lagring av motorturtall,,,Id7F00h,,,,https://d1hu4133i4rt3z.cloudfront.net/attachments/827/827261-cc1405d22d844e86e0720e07fdf480bf.pdf
Traktor,Claas,Arion,,Elektroniske styresystemer,Varsellampe / feilkode,,Kommunikasjonsfeil mellom SFA og DBD,Går tilbake til normal når melding mottas,Ingen melding fra SFA (A102) >5s,Id7F01h,,,,https://d1hu4133i4rt3z.cloudfront.net/attachments/827/827261-cc1405d22d844e86e0720e07fdf480bf.pdf
Traktor,Claas,Arion,,Elektroniske styresystemer,Varsellampe / feilkode,,Kommunikasjonsfeil mellom HYD og DBD,Går tilbake til normal når melding mottas,Ingen melding fra HYD (A60) >5s,Id7F02h,,,,https://d1hu4133i4rt3z.cloudfront.net/attachments/827/827261-cc1405d22d844e86e0720e07fdf480bf.pdf
Traktor,Claas,Arion,,Elektroniske styresystemer,Varsellampe / feilkode,,Kommunikasjonsfeil mellom EXT og DBD,Går tilbake til normal når melding mottas,Ingen melding fra EXT (A62) >5s,Id7F03h,,,,https://d1hu4133i4rt3z.cloudfront.net/attachments/827/827261-cc1405d22d844e86e0720e07fdf480bf.pdf
Traktor,Claas,Arion,,Elektroniske styresystemer,Varsellampe / feilkode,,Kommunikasjonsfeil mellom SCU og DBD,Går tilbake til normal når melding mottas,Ingen melding fra SCU (A131) >5s,Id7F04h,,,,https://d1hu4133i4rt3z.cloudfront.net/attachments/827/827261-cc1405d22d844e86e0720e07fdf480bf.pdf
Traktor,Claas,Arion,,Elektroniske styresystemer,Varsellampe / feilkode,,Kommunikasjonsfeil mellom C-Matic og DBD,Går tilbake til normal når melding mottas,Ingen melding fra C-Matic >5s,Id7F05h,,,,https://d1hu4133i4rt3z.cloudfront.net/attachments/827/827261-cc1405d22d844e86e0720e07fdf480bf.pdf
Traktor,Claas,Arion,,Elektroniske styresystemer,Varsellampe / feilkode,,Kommunikasjonsfeil mellom MFT og DBD,Går tilbake til normal når melding mottas,Ingen melding fra MFT (A30) >5s,Id7F06h,,,,https://d1hu4133i4rt3z.cloudfront.net/attachments/827/827261-cc1405d22d844e86e0720e07fdf480bf.pdf
Traktor,Claas,Arion,,Elektroniske styresystemer,Varsellampe / feilkode,,Kommunikasjonsfeil mellom WLP og DBD,Går tilbake til normal når melding mottas,Ingen melding fra WLP (A104) >5s,Id7F07h,,,,https://d1hu4133i4rt3z.cloudfront.net/attachments/827/827261-cc1405d22d844e86e0720e07fdf480bf.pdf
Traktor,Claas,Arion,,Elektroniske styresystemer,Varsellampe / feilkode,,Kommunikasjonsfeil mellom MFA og DBD,Går tilbake til normal når melding mottas,Ingen melding fra MFA (A100) >5s,Id7F08h,,,,https://d1hu4133i4rt3z.cloudfront.net/attachments/827/827261-cc1405d22d844e86e0720e07fdf480bf.pdf
Traktor,Claas,Arion,,Elektroniske styresystemer,Varsellampe / feilkode,,Kommunikasjonsfeil,Går tilbake til normal når melding mottas,Ingen melding fra DBD (A101) >5s,Id7F09h,,,,https://d1hu4133i4rt3z.cloudfront.net/attachments/827/827261-cc1405d22d844e86e0720e07fdf480bf.pdf
Traktor,Claas,Arion,,Elektroniske styresystemer,Varsellampe / feilkode,,Kommunikasjonsfeil mellom ENG og DBD,Går tilbake til normal når melding mottas,Ingen melding fra ENG (A15) >5s,Id7F0Ah,,,,https://d1hu4133i4rt3z.cloudfront.net/attachments/827/827261-cc1405d22d844e86e0720e07fdf480bf.pdf
Traktor,Claas,Arion,,Elektroniske styresystemer,Varsellampe / feilkode,,Kommunikasjonsfeil mellom TR1 og DBD,Går tilbake til normal når melding mottas,Ingen melding fra TR1 (A57-1) >5s,Id7F0Bh,,,,https://d1hu4133i4rt3z.cloudfront.net/attachments/827/827261-cc1405d22d844e86e0720e07fdf480bf.pdf
Traktor,Claas,Arion,,Elektroniske styresystemer,Varsellampe / feilkode,,Kommunikasjonsfeil mellom TR2 og DBD,Går tilbake til normal når melding mottas,Ingen melding fra TR2 (A57-2) >5s,Id7F0Ch,,,,https://d1hu4133i4rt3z.cloudfront.net/attachments/827/827261-cc1405d22d844e86e0720e07fdf480bf.pdf
Traktor,Claas,Arion,,Elektroniske styresystemer,Varsellampe / feilkode,,Kommunikasjonsfeil mellom TR3 og DBD,Går tilbake til normal når melding mottas,Ingen melding fra TR3 (A57-3) >5s,Id7F0Dh,,,,https://d1hu4133i4rt3z.cloudfront.net/attachments/827/827261-cc1405d22d844e86e0720e07fdf480bf.pdf
Traktor,Claas,Arion,,Elektroniske styresystemer,Varsellampe / feilkode,,Kommunikasjonsfeil mellom REH og DBD,Går tilbake til normal når melding mottas,Ingen melding fra REH (A58) >5s,Id7F0Eh,,,,https://d1hu4133i4rt3z.cloudfront.net/attachments/827/827261-cc1405d22d844e86e0720e07fdf480bf.pdf
Traktor,Claas,Arion,,Elektroniske styresystemer,Varsellampe / feilkode,,Brotransmisjonsfeil på CLAAS CAN-bus,Går tilbake til normal når feilen forsvinner,Kortslutning på forsyning,Id7F0Fh,,,,https://d1hu4133i4rt3z.cloudfront.net/attachments/827/827261-cc1405d22d844e86e0720e07fdf480bf.pdf
Traktor,Claas,Arion,,Elektroniske styresystemer,Varsellampe / feilkode,,For mye brodata på CLAAS CAN-bus,Går tilbake til normal når feilen forsvinner,CLAAS CAN-bus kortsluttet til jord,Id7F10h,,,,https://d1hu4133i4rt3z.cloudfront.net/attachments/827/827261-cc1405d22d844e86e0720e07fdf480bf.pdf
Traktor,Claas,Arion,,Elektroniske styresystemer,Varsellampe / feilkode,,Broen har koblet fra CLAAS CAN-bus,Går tilbake til normal når modul er online,Ingen meldinger kan sendes før modul er online,Id7F11h,,,,https://d1hu4133i4rt3z.cloudfront.net/attachments/827/827261-cc1405d22d844e86e0720e07fdf480bf.pdf
Traktor,Claas,Arion,,Elektroniske styresystemer,Varsellampe / feilkode,,Brotransmisjonsfeil på J1939 CAN-bus,Går tilbake til normal når feilen forsvinner,Kortslutning på forsyning,Id7F12h,,,,https://d1hu4133i4rt3z.cloudfront.net/attachments/827/827261-cc1405d22d844e86e0720e07fdf480bf.pdf
Traktor,Claas,Arion,,Elektroniske styresystemer,Varsellampe / feilkode,,For mye brodata på J1939 CAN-bus,Går tilbake til normal når feilen forsvinner,J1939 CAN-bus kortsluttet til jord,Id7F13h,,,,https://d1hu4133i4rt3z.cloudfront.net/attachments/827/827261-cc1405d22d844e86e0720e07fdf480bf.pdf
Traktor,Claas,Arion,,Elektroniske styresystemer,Varsellampe / feilkode,,Broen har koblet fra J1939 CAN-bus,Går tilbake til normal når modul er online,Ingen meldinger kan sendes før modul er online,Id7F14h,,,,https://d1hu4133i4rt3z.cloudfront.net/attachments/827/827261-cc1405d22d844e86e0720e07fdf480bf.pdf
Traktor,Claas,Arion,,Elektroniske styresystemer,Varsellampe / feilkode,,Teoretisk fartssensor (B227) frakoblet,Sjekk ledningsnett mellom TR1 (A57-1) og DBD (A101),Sannsynligvis skadet ledningsnett,Id7F2Dh,,,,https://d1hu4133i4rt3z.cloudfront.net/attachments/827/827261-cc1405d22d844e86e0720e07fdf480bf.pdf
Traktor,Claas,Arion,,Elektroniske styresystemer,Varsellampe / feilkode,,Motorturtallssensor (B228) frakoblet,Går tilbake til normal når feilen forsvinner,,Id7F2Eh,,,,https://d1hu4133i4rt3z.cloudfront.net/attachments/827/827261-cc1405d22d844e86e0720e07fdf480bf.pdf
Traktor,Claas,Arion,,Elektroniske styresystemer,Varsellampe / feilkode,,Reell fartssensor (radar) (B230) ikke tilkoblet,Går tilbake til normal når feilen forsvinner,Antispinnkontroll ikke tilgjengelig,Id7F2Fh,,,,https://d1hu4133i4rt3z.cloudfront.net/attachments/827/827261-cc1405d22d844e86e0720e07fdf480bf.pdf
Traktor,Claas,Arion,,Elektroniske styresystemer,Varsellampe / feilkode,,Bakre PTO-turtallssensor (B142) frakoblet,Går tilbake til normal når feilen forsvinner,,Id7F30h,,,,https://d1hu4133i4rt3z.cloudfront.net/attachments/827/827261-cc1405d22d844e86e0720e07fdf480bf.pdf
Traktor,Claas,Arion,,Elektroniske styresystemer,Varsellampe / feilkode,,Modulens grensesnitt ikke tilkoblet,Går tilbake til normal når feilen forsvinner,Kan ikke bla i menyer,Id7F31h,,,,https://d1hu4133i4rt3z.cloudfront.net/attachments/827/827261-cc1405d22d844e86e0720e07fdf480bf.pdf
Traktor,Claas,Arion,,Elektroniske styresystemer,Varsellampe / feilkode,,Drivstoffnivåpotensiometer (R35) ikke tilkoblet,Går tilbake til normal når feilen forsvinner,Ingen info om forbruk eller tid til fylling,Id7F32h,,,,https://d1hu4133i4rt3z.cloudfront.net/attachments/827/827261-cc1405d22d844e86e0720e07fdf480bf.pdf
Traktor,Claas,Arion,,Elektroniske styresystemer,Varsellampe / feilkode,,Kjølevæsketemperatursensor (B45) frakoblet,Går tilbake til normal når feilen forsvinner,,Id7F33h,,,,https://d1hu4133i4rt3z.cloudfront.net/attachments/827/827261-cc1405d22d844e86e0720e07fdf480bf.pdf
Traktor,Claas,Arion,,Elektroniske styresystemer,Varsellampe / feilkode,,Luftfilter blokkert,"Rengjør luftfilter, sjekk (Z69) kontakt",Luftfilter blokkert,Id7F34h,,,,https://d1hu4133i4rt3z.cloudfront.net/attachments/827/827261-cc1405d22d844e86e0720e07fdf480bf.pdf
Traktor,Claas,Arion,,Elektroniske styresystemer,Varsellampe / feilkode,,Transmisjonsoljefilter blokkert,"Rengjør oljefilter, sjekk (Z102) kontakt",Oljefilter blokkert,Id7F35h,,,,https://d1hu4133i4rt3z.cloudfront.net/attachments/827/827261-cc1405d22d844e86e0720e07fdf480bf.pdf
Traktor,Claas,Arion,,Elektroniske styresystemer,Varsellampe / feilkode,,Alarm tilhengerbrems,,,Id7F36h,,,,https://d1hu4133i4rt3z.cloudfront.net/attachments/827/827261-cc1405d22d844e86e0720e07fdf480bf.pdf
Traktor,Claas,Arion,,Elektroniske styresystemer,Varsellampe / feilkode,,Motorstyring frakoblet under CSM-sekvens,"Etter 20 sek restartes traktor, prøv igjen, evt. reset CSM","Motorstyring låst, inaktiv",Id7F37h,,,,https://d1hu4133i4rt3z.cloudfront.net/attachments/827/827261-cc1405d22d844e86e0720e07fdf480bf.pdf
Traktor,Claas,Arion,,Elektroniske styresystemer,Varsellampe / feilkode,,Motorstyring frakoblet under CSM-sekvens,"Etter 20 sek restartes traktor, prøv igjen, evt. reset CSM",Kommunikasjonsfeil med motorstyring,Id7F38h,,,,https://d1hu4133i4rt3z.cloudfront.net/attachments/827/827261-cc1405d22d844e86e0720e07fdf480bf.pdf
Traktor,Claas,Arion,,Elektroniske styresystemer,Varsellampe / feilkode,,Funksjoner utilgjengelige,Går tilbake til normal når melding mottas,,Id7F39h,,,,https://d1hu4133i4rt3z.cloudfront.net/attachments/827/827261-cc1405d22d844e86e0720e07fdf480bf.pdf
Traktor,Claas,Arion,,Elektroniske styresystemer,Varsellampe / feilkode,,Melding mangler for knapp 1 og 2 i CSM-sekvens,Går tilbake til normal når melding mottas,Funksjoner utilgjengelige,Id7F3Ah,,,,https://d1hu4133i4rt3z.cloudfront.net/attachments/827/827261-cc1405d22d844e86e0720e07fdf480bf.pdf
Traktor,Claas,Arion,,Elektroniske styresystemer,Varsellampe / feilkode,,Melding mangler for front eksterne kontrollknapper,Går tilbake til normal når melding mottas,Funksjoner utilgjengelige,Id7F3Bh,,,,https://d1hu4133i4rt3z.cloudfront.net/attachments/827/827261-cc1405d22d844e86e0720e07fdf480bf.pdf
Traktor,Claas,Arion,,Elektroniske styresystemer,Varsellampe / feilkode,,Melding mangler for funksjon 1 og 2-knapp,Går tilbake til normal når melding mottas,Funksjoner utilgjengelige,Id7F3Ch,,,,https://d1hu4133i4rt3z.cloudfront.net/attachments/827/827261-cc1405d22d844e86e0720e07fdf480bf.pdf
Traktor,Claas,Arion,,Elektroniske styresystemer,Varsellampe / feilkode,,Melding mangler for funksjon 3 og 4-knapp,Går tilbake til normal når melding mottas,Funksjoner utilgjengelige,Id7F3Dh,,,,https://d1hu4133i4rt3z.cloudfront.net/attachments/827/827261-cc1405d22d844e86e0720e07fdf480bf.pdf
Traktor,Claas,Arion,,Elektroniske styresystemer,Varsellampe / feilkode,,Melding mangler for ITE,Går tilbake til normal når melding mottas,Ingen melding fra ITE på 5 sek,Id7F3Eh,,,,https://d1hu4133i4rt3z.cloudfront.net/attachments/827/827261-cc1405d22d844e86e0720e07fdf480bf.pdf
Traktor,Claas,Arion,,Elektroniske styresystemer,Varsellampe / feilkode,,6-ventil returnerer ikke til nøytral,"La traktoren varmes opp, test igjen, evt. bytt ventil",Ventil ikke i nøytral innen tidsgrense,IdA0ECh,,,,https://d1hu4133i4rt3z.cloudfront.net/attachments/827/827261-cc1405d22d844e86e0720e07fdf480bf.pdf
Traktor,Claas,Arion,,Elektroniske styresystemer,Varsellampe / feilkode,,6-ventil når ikke flytestilling,"La traktoren varmes opp, test igjen, evt. bytt ventil",Ventil ikke i flytestilling innen tidsgrense,IdA0EDh,,,,https://d1hu4133i4rt3z.cloudfront.net/attachments/827/827261-cc1405d22d844e86e0720e07fdf480bf.pdf
Traktor,Claas,Arion,,Elektroniske styresystemer,Varsellampe / feilkode,,6-ventil ikke i nøytral ved start,"Nullstill feilen, evt. bytt ventil",,IdA0EEh,,,,https://d1hu4133i4rt3z.cloudfront.net/attachments/827/827261-cc1405d22d844e86e0720e07fdf480bf.pdf
Traktor,Claas,Arion,,Elektroniske styresystemer,Varsellampe / feilkode,,6-ventil ikke i ønsket posisjon,"Nullstill feilen, evt. bytt ventil",Ventil for langt fra ønsket posisjon,IdA0EFh,,,,https://d1hu4133i4rt3z.cloudfront.net/attachments/827/827261-cc1405d22d844e86e0720e07fdf480bf.pdf
Traktor,Claas,Arion,,Elektroniske styresystemer,Varsellampe / feilkode,,Problem med styring av 6-ventil,"Nullstill feilen, evt. bytt ventil",Ventil går feil vei ift. kommando,IdA0F0h,,,,https://d1hu4133i4rt3z.cloudfront.net/attachments/827/827261-cc1405d22d844e86e0720e07fdf480bf.pdf
Traktor,Claas,Arion,,Elektroniske styresystemer,Varsellampe / feilkode,,Timeout uten kommando til 6-ventil,,Ventil i nøytral,IdA0F2h,,,,https://d1hu4133i4rt3z.cloudfront.net/attachments/827/827261-cc1405d22d844e86e0720e07fdf480bf.pdf
Traktor,Claas,Arion,,Elektroniske styresystemer,Varsellampe / feilkode,,Kommandoverdi for 6-ventil umulig,"Nullstill feilen, evt. bytt ventil",Ventil returnerer til nøytral,IdA0FCh,,,,https://d1hu4133i4rt3z.cloudfront.net/attachments/827/827261-cc1405d22d844e86e0720e07fdf480bf.pdf
Traktor,Claas,Arion,,Elektroniske styresystemer,Varsellampe / feilkode,,Kommandoverdi for 6-ventil umulig,"Nullstill feilen, evt. bytt ventil",Ventil returnerer til nøytral,IdA0FDh,,,,https://d1hu4133i4rt3z.cloudfront.net/attachments/827/827261-cc1405d22d844e86e0720e07fdf480bf.pdf
Traktor,Massey Ferguson,,,Elektroniske styresystemer,Varsellampe / feilkode,,Høytrykkspumpe,"Antall innsprøytninger begrenset av
  høytrykkspumpe",Feilkode motor ( E ),E 3 (14),,,,https://www.alltractormanuals.com/massey-ferguson/massey-ferguson-error-codes/massey-ferguson-engine-error-codes/
Traktor,Massey Ferguson,,,Elektroniske styresystemer,Varsellampe / feilkode,,Gasspedalsensor (potmeter),Sensor over normalt eller åpen krets,Feilkode motor ( E ),E 29 (3),,,,https://www.alltractormanuals.com/massey-ferguson/massey-ferguson-error-codes/massey-ferguson-engine-error-codes/
Traktor,Massey Ferguson,,,Elektroniske styresystemer,Varsellampe / feilkode,,Gasspedalsensor (potmeter),Sensor under normalt,Feilkode motor ( E ),E 29 (4),,,,https://www.alltractormanuals.com/massey-ferguson/massey-ferguson-error-codes/massey-ferguson-engine-error-codes/
Traktor,Massey Ferguson,,,Elektroniske styresystemer,Varsellampe / feilkode,,Hastighetssensor,Sensor kortsluttet til +12 V,Feilkode motor ( E ),E 84 (3),,,,https://www.alltractormanuals.com/massey-ferguson/massey-ferguson-error-codes/massey-ferguson-engine-error-codes/
Traktor,Massey Ferguson,,,Elektroniske styresystemer,Varsellampe / feilkode,,Hastighetssensor,Sensor kortsluttet til jord (-),Feilkode motor ( E ),E 84 (4),,,,https://www.alltractormanuals.com/massey-ferguson/massey-ferguson-error-codes/massey-ferguson-engine-error-codes/
Traktor,Massey Ferguson,,,Elektroniske styresystemer,Varsellampe / feilkode,,Gasspedalsensor (potmeter),Gasspedalsensor 1 LAV feil (TOMGANG),Feilkode motor ( E ),E 91 (4),,,,https://www.alltractormanuals.com/massey-ferguson/massey-ferguson-error-codes/massey-ferguson-engine-error-codes/
Traktor,Massey Ferguson,,,Elektroniske styresystemer,Varsellampe / feilkode,,Gasspedalsensor (potmeter),Gasspedalsensor 1 HØY feil (TOMGANG),Feilkode motor ( E ),E 91 (3),,,,https://www.alltractormanuals.com/massey-ferguson/massey-ferguson-error-codes/massey-ferguson-engine-error-codes/
Traktor,Massey Ferguson,,,Elektroniske styresystemer,Varsellampe / feilkode,,Drivstoffiltertrykksensor,Oljefiltertrykk LAV (med gammel sensor),Feilkode motor ( E ),E 94 (31),,,,https://www.alltractormanuals.com/massey-ferguson/massey-ferguson-error-codes/massey-ferguson-engine-error-codes/
Traktor,Massey Ferguson,,,Elektroniske styresystemer,Varsellampe / feilkode,,Drivstoffiltertrykksensor,LAV drivstoffiltertrykksensor feil,Feilkode motor ( E ),E 94 (4),,,,https://www.alltractormanuals.com/massey-ferguson/massey-ferguson-error-codes/massey-ferguson-engine-error-codes/
Traktor,Massey Ferguson,,,Elektroniske styresystemer,Varsellampe / feilkode,,Drivstoffiltertrykksensor,HØY drivstoffiltertrykksensor feil,Feilkode motor ( E ),E 94 (3),,,,https://www.alltractormanuals.com/massey-ferguson/massey-ferguson-error-codes/massey-ferguson-engine-error-codes/
Traktor,Massey Ferguson,,,Elektroniske styresystemer,Varsellampe / feilkode,,Drivstoffiltertrykksensor,Drivstoffiltertrykk INGEN SIGNAL,Feilkode motor ( E ),E 94 (2),,,,https://www.alltractormanuals.com/massey-ferguson/massey-ferguson-error-codes/massey-ferguson-engine-error-codes/
Traktor,Massey Ferguson,,,Elektroniske styresystemer,Varsellampe / feilkode,,Drivstoffiltertrykksensor,Drivstoffiltertrykk OVER NORMALT,Feilkode motor ( E ),E 94 (16),,,,https://www.alltractormanuals.com/massey-ferguson/massey-ferguson-error-codes/massey-ferguson-engine-error-codes/
Traktor,Massey Ferguson,,,Elektroniske styresystemer,Varsellampe / feilkode,,Drivstoffiltertrykksensor,Drivstoffiltertrykk UNDER NORMALT,Feilkode motor ( E ),E 94 (18),,,,https://www.alltractormanuals.com/massey-ferguson/massey-ferguson-error-codes/massey-ferguson-engine-error-codes/
Traktor,Massey Ferguson,,,Elektroniske styresystemer,Varsellampe / feilkode,, ,Vann i drivstoff,Feilkode motor ( E ),E 97 (31),,,,https://www.alltractormanuals.com/massey-ferguson/massey-ferguson-error-codes/massey-ferguson-engine-error-codes/
Traktor,Massey Ferguson,,,Elektroniske styresystemer,Varsellampe / feilkode,,Oljetrykkssensor,"Oljetrykk OVER NORMALT (9,5 bar/30°C)",Feilkode motor ( E ),E 100 (16),,,,https://www.alltractormanuals.com/massey-ferguson/massey-ferguson-error-codes/massey-ferguson-engine-error-codes/
Traktor,Massey Ferguson,,,Elektroniske styresystemer,Varsellampe / feilkode,,Oljetrykkssensor,Oljetrykk INGEN SIGNAL,Feilkode motor ( E ),E 100 (2),,,,https://www.alltractormanuals.com/massey-ferguson/massey-ferguson-error-codes/massey-ferguson-engine-error-codes/
Traktor,Massey Ferguson,,,Elektroniske styresystemer,Varsellampe / feilkode,,Oljetrykkssensor,Oljetrykkssensor feil,Feilkode motor ( E ),E 100 (31),,,,https://www.alltractormanuals.com/massey-ferguson/massey-ferguson-error-codes/massey-ferguson-engine-error-codes/
Traktor,Massey Ferguson,,,Elektroniske styresystemer,Varsellampe / feilkode,,Oljetrykkssensor,LAV oljetrykkssensor feil,Feilkode motor ( E ),E 100 (4),,,,https://www.alltractormanuals.com/massey-ferguson/massey-ferguson-error-codes/massey-ferguson-engine-error-codes/
Traktor,Massey Ferguson,,,Elektroniske styresystemer,Varsellampe / feilkode,,Oljetrykkssensor,HØY oljetrykkssensor feil,Feilkode motor ( E ),E 100 (3),,,,https://www.alltractormanuals.com/massey-ferguson/massey-ferguson-error-codes/massey-ferguson-engine-error-codes/
Traktor,Massey Ferguson,,,Elektroniske styresystemer,Varsellampe / feilkode,,Oljetrykkssensor,Oljetrykk LAV,Feilkode motor ( E ),E 100 (18),,,,https://www.alltractormanuals.com/massey-ferguson/massey-ferguson-error-codes/massey-ferguson-engine-error-codes/
Traktor,Massey Ferguson,,,Elektroniske styresystemer,Varsellampe / feilkode,,Oljetrykkssensor,"Oljetrykk LAV, ALARM",Feilkode motor ( E ),E 100 (1-),,,,https://www.alltractormanuals.com/massey-ferguson/massey-ferguson-error-codes/massey-ferguson-engine-error-codes/
Traktor,Massey Ferguson,,,Elektroniske styresystemer,Varsellampe / feilkode,,Ladetrykksensor,LAV ladetrykksensor feil,Feilkode motor ( E ),E 102 (4),,,,https://www.alltractormanuals.com/massey-ferguson/massey-ferguson-error-codes/massey-ferguson-engine-error-codes/
Traktor,Massey Ferguson,,,Elektroniske styresystemer,Varsellampe / feilkode,,Ladetrykksensor,HØY ladetrykksensor feil,Feilkode motor ( E ),E 102 (3),,,,https://www.alltractormanuals.com/massey-ferguson/massey-ferguson-error-codes/massey-ferguson-engine-error-codes/
Traktor,Massey Ferguson,,,Elektroniske styresystemer,Varsellampe / feilkode,,Ladetrykksensor,Ladetrykk LAV,Feilkode motor ( E ),E 102 (18),,,,https://www.alltractormanuals.com/massey-ferguson/massey-ferguson-error-codes/massey-ferguson-engine-error-codes/
Traktor,Massey Ferguson,,,Elektroniske styresystemer,Varsellampe / feilkode,,Ladetrykksensor,Ladetrykk OVER NORMALT,Feilkode motor ( E ),E 102 (16),,,,https://www.alltractormanuals.com/massey-ferguson/massey-ferguson-error-codes/massey-ferguson-engine-error-codes/
Traktor,Massey Ferguson,,,Elektroniske styresystemer,Varsellampe / feilkode,,Ladetrykksensor,Ladetrykk INGEN SIGNAL,Feilkode motor ( E ),E 102 (2),,,,https://www.alltractormanuals.com/massey-ferguson/massey-ferguson-error-codes/massey-ferguson-engine-error-codes/
Traktor,Massey Ferguson,,,Elektroniske styresystemer,Varsellampe / feilkode,,Ladetrykksensor,"Innsugstrykkfall for høy
  ved oppstart",Feilkode motor ( E ),E 102 (31),,,,https://www.alltractormanuals.com/massey-ferguson/massey-ferguson-error-codes/massey-ferguson-engine-error-codes/
Traktor,Massey Ferguson,,,Elektroniske styresystemer,Varsellampe / feilkode,,Innsugstemperatursensor,"LAV innsugstemperatursensor
  feil",Feilkode motor ( E ),E 105 (4),,,,https://www.alltractormanuals.com/massey-ferguson/massey-ferguson-error-codes/massey-ferguson-engine-error-codes/
Traktor,Massey Ferguson,,,Elektroniske styresystemer,Varsellampe / feilkode,,Innsugstemperatursensor,"HØY innsugstemperatursensor
  feil",Feilkode motor ( E ),E 105 (3),,,,https://www.alltractormanuals.com/massey-ferguson/massey-ferguson-error-codes/massey-ferguson-engine-error-codes/
Traktor,Massey Ferguson,,,Elektroniske styresystemer,Varsellampe / feilkode,,Innsugstemperatursensor,"Innsugstemperatur OVER
  NORMAL (>90°C)",Feilkode motor ( E ),E 105 (16),,,,https://www.alltractormanuals.com/massey-ferguson/massey-ferguson-error-codes/massey-ferguson-engine-error-codes/
Traktor,Massey Ferguson,,,Elektroniske styresystemer,Varsellampe / feilkode,,Innsugstemperatursensor,"Innsugstemperatursensor
  INGEN SIGNAL",Feilkode motor ( E ),E 105 (2),,,,https://www.alltractormanuals.com/massey-ferguson/massey-ferguson-error-codes/massey-ferguson-engine-error-codes/
Traktor,Massey Ferguson,,,Elektroniske styresystemer,Varsellampe / feilkode,,Luftfiltertrykksensor,"Luftfiltertrykk UNDER
  NORMALT",Feilkode motor ( E ),E 107 (18),,,,https://www.alltractormanuals.com/massey-ferguson/massey-ferguson-error-codes/massey-ferguson-engine-error-codes/
Traktor,Massey Ferguson,,,Elektroniske styresystemer,Varsellampe / feilkode,,Luftfiltertrykksensor,Luftfiltertrykksensor feil,Feilkode motor ( E ),E 107 (31),,,,https://www.alltractormanuals.com/massey-ferguson/massey-ferguson-error-codes/massey-ferguson-engine-error-codes/
Traktor,Massey Ferguson,,,Elektroniske styresystemer,Varsellampe / feilkode,,Kjølevæsketemperatursensor,"Kjølevæsketemperatur INGEN
  SIGNAL",Feilkode motor ( E ),E 110 (2),,,,https://www.alltractormanuals.com/massey-ferguson/massey-ferguson-error-codes/massey-ferguson-engine-error-codes/
Traktor,Massey Ferguson,,,Elektroniske styresystemer,Varsellampe / feilkode,,Kjølevæsketemperatursensor,"LAV
  kjølevæsketemperatursensor feil",Feilkode motor ( E ),E 110 (4),,,,https://www.alltractormanuals.com/massey-ferguson/massey-ferguson-error-codes/massey-ferguson-engine-error-codes/
Traktor,Massey Ferguson,,,Elektroniske styresystemer,Varsellampe / feilkode,,Kjølevæsketemperatursensor,"HØY
  kjølevæsketemperatursensor feil",Feilkode motor ( E ),E 110 (3),,,,https://www.alltractormanuals.com/massey-ferguson/massey-ferguson-error-codes/massey-ferguson-engine-error-codes/
Traktor,Massey Ferguson,,,Elektroniske styresystemer,Varsellampe / feilkode,,Kjølevæsketemperatursensor,Kjølevæsketemperatur HØY,Feilkode motor ( E ),E 110 (16),,,,https://www.alltractormanuals.com/massey-ferguson/massey-ferguson-error-codes/massey-ferguson-engine-error-codes/
Traktor,Massey Ferguson,,,Elektroniske styresystemer,Varsellampe / feilkode,,Kjølevæsketemperatursensor,"Kjølevæsketemperatur HØY,
  ALARM",Feilkode motor ( E ),E 110 (0),,,,https://www.alltractormanuals.com/massey-ferguson/massey-ferguson-error-codes/massey-ferguson-engine-error-codes/
Traktor,Massey Ferguson,,,Elektroniske styresystemer,Varsellampe / feilkode,,Railtrykksensor,LAV railtrykksensor feil,Feilkode motor ( E ),E 157 (4),,,,https://www.alltractormanuals.com/massey-ferguson/massey-ferguson-error-codes/massey-ferguson-engine-error-codes/
Traktor,Massey Ferguson,,,Elektroniske styresystemer,Varsellampe / feilkode,,Railtrykksensor,HØY railtrykksensor feil,Feilkode motor ( E ),E 157 (3),,,,https://www.alltractormanuals.com/massey-ferguson/massey-ferguson-error-codes/massey-ferguson-engine-error-codes/
Traktor,Massey Ferguson,,,Elektroniske styresystemer,Varsellampe / feilkode,,Railtrykksensor,Railtrykk OVER NORMALT,Feilkode motor ( E ),E 157 (16),,,,https://www.alltractormanuals.com/massey-ferguson/massey-ferguson-error-codes/massey-ferguson-engine-error-codes/
Traktor,Massey Ferguson,,,Elektroniske styresystemer,Varsellampe / feilkode,,Railtrykksensor,"Railtrykksensor INGEN
  SIGNAL",Feilkode motor ( E ),E 157 (2),,,,https://www.alltractormanuals.com/massey-ferguson/massey-ferguson-error-codes/massey-ferguson-engine-error-codes/
Traktor,Massey Ferguson,,,Elektroniske styresystemer,Varsellampe / feilkode,,Railtrykksensor,Railtrykk LAV,Feilkode motor ( E ),E 157 (1-),,,,https://www.alltractormanuals.com/massey-ferguson/massey-ferguson-error-codes/massey-ferguson-engine-error-codes/
Traktor,Massey Ferguson,,,Elektroniske styresystemer,Varsellampe / feilkode,,Railtrykksensor,Railtrykk HØY,Feilkode motor ( E ),E 157 (0),,,,https://www.alltractormanuals.com/massey-ferguson/massey-ferguson-error-codes/massey-ferguson-engine-error-codes/
Traktor,Massey Ferguson,,,Elektroniske styresystemer,Varsellampe / feilkode,,Batterispenning,"Batterispenning SVÆRT LAV
  (<6,5 V)",Feilkode motor ( E ),E 168 (1-),,,,https://www.alltractormanuals.com/massey-ferguson/massey-ferguson-error-codes/massey-ferguson-engine-error-codes/
Traktor,Massey Ferguson,,,Elektroniske styresystemer,Varsellampe / feilkode,,Batterispenning,"Batterispenning SVÆRT HØY
  (>36,0 V)",Feilkode motor ( E ),E 168 (0),,,,https://www.alltractormanuals.com/massey-ferguson/massey-ferguson-error-codes/massey-ferguson-engine-error-codes/
Traktor,Massey Ferguson,,,Elektroniske styresystemer,Varsellampe / feilkode,,Batterispenning,"Batterispenning INGEN
  SIGNAL",Feilkode motor ( E ),E 168 (2),,,,https://www.alltractormanuals.com/massey-ferguson/massey-ferguson-error-codes/massey-ferguson-engine-error-codes/
Traktor,Massey Ferguson,,,Elektroniske styresystemer,Varsellampe / feilkode,,Batterispenning,"Batterispenning UNDER
  NORMALT (<7,8 V)",Feilkode motor ( E ),E 168 (18),,,,https://www.alltractormanuals.com/massey-ferguson/massey-ferguson-error-codes/massey-ferguson-engine-error-codes/
Traktor,Massey Ferguson,,,Elektroniske styresystemer,Varsellampe / feilkode,,Batterispenning,"Batterispenning OVER
  NORMALT",Feilkode motor ( E ),E 168 (16),,,,https://www.alltractormanuals.com/massey-ferguson/massey-ferguson-error-codes/massey-ferguson-engine-error-codes/
Traktor,Massey Ferguson,,,Elektroniske styresystemer,Varsellampe / feilkode,,Omgivelsestemperatursensor,"Temperatursensor spenning
  over normalt/åpen krets",Feilkode motor ( E ),E 171 (3),,,,https://www.alltractormanuals.com/massey-ferguson/massey-ferguson-error-codes/massey-ferguson-engine-error-codes/
Traktor,Massey Ferguson,,,Elektroniske styresystemer,Varsellampe / feilkode,,Omgivelsestemperatursensor,"Temperatursensor spenning
  under normalt",Feilkode motor ( E ),E 171 (4),,,,https://www.alltractormanuals.com/massey-ferguson/massey-ferguson-error-codes/massey-ferguson-engine-error-codes/
Traktor,Massey Ferguson,,,Elektroniske styresystemer,Varsellampe / feilkode,,Drivstofftemperatursensor,"LAV
  drivstofftemperatursensor feil",Feilkode motor ( E ),E 174 (4),,,,https://www.alltractormanuals.com/massey-ferguson/massey-ferguson-error-codes/massey-ferguson-engine-error-codes/
Traktor,Massey Ferguson,,,Elektroniske styresystemer,Varsellampe / feilkode,,Drivstofftemperatursensor,"HØY
  drivstofftemperatursensor feil",Feilkode motor ( E ),E 174 (3),,,,https://www.alltractormanuals.com/massey-ferguson/massey-ferguson-error-codes/massey-ferguson-engine-error-codes/
Traktor,Massey Ferguson,,,Elektroniske styresystemer,Varsellampe / feilkode,,Drivstofftemperatursensor,"Drivstofftemperatur OVER
  NORMALT",Feilkode motor ( E ),E 174 (16),,,,https://www.alltractormanuals.com/massey-ferguson/massey-ferguson-error-codes/massey-ferguson-engine-error-codes/
Traktor,Massey Ferguson,,,Elektroniske styresystemer,Varsellampe / feilkode,,Drivstofftemperatursensor,"Drivstofftemperatursensor
  INGEN SIGNAL",Feilkode motor ( E ),E 174 (2),,,,https://www.alltractormanuals.com/massey-ferguson/massey-ferguson-error-codes/massey-ferguson-engine-error-codes/
Traktor,Massey Ferguson,,,Elektroniske styresystemer,Varsellampe / feilkode,,Motoroljetemperatursensor,"LAV
  motoroljetemperatursensor feil",Feilkode motor ( E ),E 175 (4),,,,https://www.alltractormanuals.com/massey-ferguson/massey-ferguson-error-codes/massey-ferguson-engine-error-codes/
Traktor,Massey Ferguson,,,Elektroniske styresystemer,Varsellampe / feilkode,,Motoroljetemperatursensor,"HØY
  motoroljetemperatursensor feil",Feilkode motor ( E ),E 175 (3),,,,https://www.alltractormanuals.com/massey-ferguson/massey-ferguson-error-codes/massey-ferguson-engine-error-codes/
Traktor,Massey Ferguson,,,Elektroniske styresystemer,Varsellampe / feilkode,,Motoroljetemperatursensor,Motoroljetemperatur HØY,Feilkode motor ( E ),E 175 (16),,,,https://www.alltractormanuals.com/massey-ferguson/massey-ferguson-error-codes/massey-ferguson-engine-error-codes/
Traktor,Massey Ferguson,,,Elektroniske styresystemer,Varsellampe / feilkode,,Motoroljetemperatursensor,"Motoroljetemperatursensor
  INGEN SIGNAL",Feilkode motor ( E ),E 175 (2),,,,https://www.alltractormanuals.com/massey-ferguson/massey-ferguson-error-codes/massey-ferguson-engine-error-codes/
Traktor,Massey Ferguson,,,Elektroniske styresystemer,Varsellampe / feilkode,,Motorsignalsensor,"Motorsignalfrekvens OVER
  NORMALT",Feilkode motor ( E ),E 190 (16),,,,https://www.alltractormanuals.com/massey-ferguson/massey-ferguson-error-codes/massey-ferguson-engine-error-codes/
Traktor,Massey Ferguson,,,Elektroniske styresystemer,Varsellampe / feilkode,,Inntaksluftvarmer,"Forvarmer styring, spenning
  under normalt",Feilkode motor ( E ),E 626 (4),,,,https://www.alltractormanuals.com/massey-ferguson/massey-ferguson-error-codes/massey-ferguson-engine-error-codes/
Traktor,Massey Ferguson,,,Elektroniske styresystemer,Varsellampe / feilkode,,Inntaksluftvarmer,"Forvarmer styring, spenning
  over normalt",Feilkode motor ( E ),E 626 (3),,,,https://www.alltractormanuals.com/massey-ferguson/massey-ferguson-error-codes/massey-ferguson-engine-error-codes/
Traktor,Massey Ferguson,,,Elektroniske styresystemer,Varsellampe / feilkode,,EEPROM,EEPROM-feil,Feilkode motor ( E ),E 629 (10),,,,https://www.alltractormanuals.com/massey-ferguson/massey-ferguson-error-codes/massey-ferguson-engine-error-codes/
Traktor,Massey Ferguson,,,Elektroniske styresystemer,Varsellampe / feilkode,,CAN bus,CAN bus-feil (250K),Feilkode motor ( E ),E 639 (19),,,,https://www.alltractormanuals.com/massey-ferguson/massey-ferguson-error-codes/massey-ferguson-engine-error-codes/
Traktor,Massey Ferguson,,,Elektroniske styresystemer,Varsellampe / feilkode,,Injector nr. 1,"Strøm under normalt: åpen
  krets",Feilkode motor ( E ),E 651 (5),,,,https://www.alltractormanuals.com/massey-ferguson/massey-ferguson-error-codes/massey-ferguson-engine-error-codes/
Traktor,Massey Ferguson,,,Elektroniske styresystemer,Varsellampe / feilkode,,Injector nr. 1,"Strøm over normalt:
  kortslutning mellom kabler",Feilkode motor ( E ),E 651 (6),,,,https://www.alltractormanuals.com/massey-ferguson/massey-ferguson-error-codes/massey-ferguson-engine-error-codes/
Traktor,Massey Ferguson,,,Elektroniske styresystemer,Varsellampe / feilkode,,Injector nr. 1,Kortslutning,Feilkode motor ( E ),E 651 (14),,,,https://www.alltractormanuals.com/massey-ferguson/massey-ferguson-error-codes/massey-ferguson-engine-error-codes/
Traktor,Massey Ferguson,,,Elektroniske styresystemer,Varsellampe / feilkode,,Injector nr. 2,"Strøm under normalt: åpen
  krets",Feilkode motor ( E ),E 652 (5),,,,https://www.alltractormanuals.com/massey-ferguson/massey-ferguson-error-codes/massey-ferguson-engine-error-codes/
Traktor,Massey Ferguson,,,Elektroniske styresystemer,Varsellampe / feilkode,,Injector nr. 2,"Strøm over normalt:
  kortslutning mellom kabler",Feilkode motor ( E ),E 652 (6),,,,https://www.alltractormanuals.com/massey-ferguson/massey-ferguson-error-codes/massey-ferguson-engine-error-codes/
Traktor,Massey Ferguson,,,Elektroniske styresystemer,Varsellampe / feilkode,,Injector nr. 2,Kortslutning,Feilkode motor ( E ),E 652 (14),,,,https://www.alltractormanuals.com/massey-ferguson/massey-ferguson-error-codes/massey-ferguson-engine-error-codes/
Traktor,Massey Ferguson,,,Elektroniske styresystemer,Varsellampe / feilkode,,Injector nr. 3,"Strøm under normalt: åpen
  krets",Feilkode motor ( E ),E 653 (5),,,,https://www.alltractormanuals.com/massey-ferguson/massey-ferguson-error-codes/massey-ferguson-engine-error-codes/
Traktor,Massey Ferguson,,,Elektroniske styresystemer,Varsellampe / feilkode,,Injector nr. 3,"Strøm over normalt:
  kortslutning mellom kabler",Feilkode motor ( E ),E 653 (6),,,,https://www.alltractormanuals.com/massey-ferguson/massey-ferguson-error-codes/massey-ferguson-engine-error-codes/
Traktor,Massey Ferguson,,,Elektroniske styresystemer,Varsellampe / feilkode,,Injector nr. 3,Kortslutning,Feilkode motor ( E ),E 653 (14),,,,https://www.alltractormanuals.com/massey-ferguson/massey-ferguson-error-codes/massey-ferguson-engine-error-codes/
Traktor,Massey Ferguson,,,Elektroniske styresystemer,Varsellampe / feilkode,,Injector nr. 4,"Strøm under normalt: åpen
  krets",Feilkode motor ( E ),E 654 (5),,,,https://www.alltractormanuals.com/massey-ferguson/massey-ferguson-error-codes/massey-ferguson-engine-error-codes/
Traktor,Massey Ferguson,,,Elektroniske styresystemer,Varsellampe / feilkode,,Injector nr. 4,"Strøm over normalt:
  kortslutning mellom kabler",Feilkode motor ( E ),E 654 (6),,,,https://www.alltractormanuals.com/massey-ferguson/massey-ferguson-error-codes/massey-ferguson-engine-error-codes/
Traktor,Massey Ferguson,,,Elektroniske styresystemer,Varsellampe / feilkode,,Injector nr. 4,Kortslutning,Feilkode motor ( E ),E 654 (14),,,,https://www.alltractormanuals.com/massey-ferguson/massey-ferguson-error-codes/massey-ferguson-engine-error-codes/
Traktor,Massey Ferguson,,,Elektroniske styresystemer,Varsellampe / feilkode,,Injector nr. 5,"Strøm under normalt: åpen
  krets",Feilkode motor ( E ),E 655 (5),,,,https://www.alltractormanuals.com/massey-ferguson/massey-ferguson-error-codes/massey-ferguson-engine-error-codes/
Traktor,Massey Ferguson,,,Elektroniske styresystemer,Varsellampe / feilkode,,Injector nr. 5,"Strøm over normalt:
  kortslutning mellom kabler",Feilkode motor ( E ),E 655 (6),,,,https://www.alltractormanuals.com/massey-ferguson/massey-ferguson-error-codes/massey-ferguson-engine-error-codes/
Traktor,Massey Ferguson,,,Elektroniske styresystemer,Varsellampe / feilkode,,Injector nr. 5,Kortslutning,Feilkode motor ( E ),E 655 (14),,,,https://www.alltractormanuals.com/massey-ferguson/massey-ferguson-error-codes/massey-ferguson-engine-error-codes/
Traktor,Massey Ferguson,,,Elektroniske styresystemer,Varsellampe / feilkode,,Injector nr. 6,"Strøm under normalt: åpen
  krets",Feilkode motor ( E ),E 656 (5),,,,https://www.alltractormanuals.com/massey-ferguson/massey-ferguson-error-codes/massey-ferguson-engine-error-codes/
Traktor,Massey Ferguson,,,Elektroniske styresystemer,Varsellampe / feilkode,,Injector nr. 6,"Strøm over normalt:
  kortslutning mellom kabler",Feilkode motor ( E ),E 656 (6),,,,https://www.alltractormanuals.com/massey-ferguson/massey-ferguson-error-codes/massey-ferguson-engine-error-codes/
Traktor,Massey Ferguson,,,Elektroniske styresystemer,Varsellampe / feilkode,,Injector nr. 6,Kortslutning,Feilkode motor ( E ),E 656 (14),,,,https://www.alltractormanuals.com/massey-ferguson/massey-ferguson-error-codes/massey-ferguson-engine-error-codes/
Traktor,Massey Ferguson,,,Elektroniske styresystemer,Varsellampe / feilkode,,Startrele,"Lavspenningssiden over
  normalt eller kortsluttet til +12V",Feilkode motor ( E ),E 677 (3),,,,https://www.alltractormanuals.com/massey-ferguson/massey-ferguson-error-codes/massey-ferguson-engine-error-codes/
Traktor,Massey Ferguson,,,Elektroniske styresystemer,Varsellampe / feilkode,,Startrele,"Spenning under normalt
  eller åpen krets",Feilkode motor ( E ),E 677 (5),,,,https://www.alltractormanuals.com/massey-ferguson/massey-ferguson-error-codes/massey-ferguson-engine-error-codes/
Traktor,Massey Ferguson,,,Elektroniske styresystemer,Varsellampe / feilkode,,Startrele,"Lavspenningssiden over
  normalt",Feilkode motor ( E ),E 677 (6),,,,https://www.alltractormanuals.com/massey-ferguson/massey-ferguson-error-codes/massey-ferguson-engine-error-codes/
Traktor,Massey Ferguson,,,Elektroniske styresystemer,Varsellampe / feilkode,,Kamakselsensor,"Antall og/eller posisjon på
  pulser usannsynlig",Feilkode motor ( E ),E 723 (2),,,,https://www.alltractormanuals.com/massey-ferguson/massey-ferguson-error-codes/massey-ferguson-engine-error-codes/
Traktor,Massey Ferguson,,,Elektroniske styresystemer,Varsellampe / feilkode,,Kamakselsensor,"Avvik mellom signal fra
  kamaksel- og veivakselsensor",Feilkode motor ( E ),E 723 (8),,,,https://www.alltractormanuals.com/massey-ferguson/massey-ferguson-error-codes/massey-ferguson-engine-error-codes/
Traktor,Massey Ferguson,,,Elektroniske styresystemer,Varsellampe / feilkode,,Kamakselsensor,Ingen signal,Feilkode motor ( E ),E 723 (31),,,,https://www.alltractormanuals.com/massey-ferguson/massey-ferguson-error-codes/massey-ferguson-engine-error-codes/
Traktor,Massey Ferguson,,,Elektroniske styresystemer,Varsellampe / feilkode,,Glødepluggstyring,Spenning over normalt,Feilkode motor ( E ),E 729 (3),,,,https://www.alltractormanuals.com/massey-ferguson/massey-ferguson-error-codes/massey-ferguson-engine-error-codes/
Traktor,Massey Ferguson,,,Elektroniske styresystemer,Varsellampe / feilkode,,Glødepluggstyring,Spenning under normalt,Feilkode motor ( E ),E 729 (4),,,,https://www.alltractormanuals.com/massey-ferguson/massey-ferguson-error-codes/massey-ferguson-engine-error-codes/
Traktor,Massey Ferguson,,,Elektroniske styresystemer,Varsellampe / feilkode,,Forespurt turtall,"Forespurt turtall utenfor
  LAV område (<500 rpm)",Feilkode motor ( E ),E 898 (4),,,,https://www.alltractormanuals.com/massey-ferguson/massey-ferguson-error-codes/massey-ferguson-engine-error-codes/
Traktor,Massey Ferguson,,,Elektroniske styresystemer,Varsellampe / feilkode,,Forespurt turtall,"Forespurt turtall utenfor
  HØY område (>3000 rpm)",Feilkode motor ( E ),E 898 (3),,,,https://www.alltractormanuals.com/massey-ferguson/massey-ferguson-error-codes/massey-ferguson-engine-error-codes/
Traktor,Massey Ferguson,,,Elektroniske styresystemer,Varsellampe / feilkode,,Gasspjeldsensor,"Tomgangsturtall over
  normalt",Feilkode motor ( E ),E 974 (3),,,,https://www.alltractormanuals.com/massey-ferguson/massey-ferguson-error-codes/massey-ferguson-engine-error-codes/
Traktor,Massey Ferguson,,,Elektroniske styresystemer,Varsellampe / feilkode,,Gasspjeldsensor,"Tomgangsturtall under
  normalt",Feilkode motor ( E ),E 974 (4),,,,https://www.alltractormanuals.com/massey-ferguson/massey-ferguson-error-codes/massey-ferguson-engine-error-codes/
Traktor,Massey Ferguson,,,Elektroniske styresystemer,Varsellampe / feilkode,,Viftekontroll,Utgang i kortslutning,Feilkode motor ( E ),E 977 (3),,,,https://www.alltractormanuals.com/massey-ferguson/massey-ferguson-error-codes/massey-ferguson-engine-error-codes/
Traktor,Massey Ferguson,,,Elektroniske styresystemer,Varsellampe / feilkode,,Viftekontroll,Utgang i åpen krets,Feilkode motor ( E ),E 977 (5),,,,https://www.alltractormanuals.com/massey-ferguson/massey-ferguson-error-codes/massey-ferguson-engine-error-codes/
Traktor,Massey Ferguson,,,Elektroniske styresystemer,Varsellampe / feilkode,,Viftekontroll,Strøm over normalt,Feilkode motor ( E ),E 977 (6),,,,https://www.alltractormanuals.com/massey-ferguson/massey-ferguson-error-codes/massey-ferguson-engine-error-codes/
Traktor,Massey Ferguson,,,Elektroniske styresystemer,Varsellampe / feilkode,,AdBlue™/DEF tankmåler,Tank tom,Feilkode motor ( E ),E 1761 (1),,,,https://www.alltractormanuals.com/massey-ferguson/massey-ferguson-error-codes/massey-ferguson-engine-error-codes/
Traktor,Massey Ferguson,,,Elektroniske styresystemer,Varsellampe / feilkode,,AdBlue™/DEF tankmåler,"Spenning over normalt eller
  åpen krets",Feilkode motor ( E ),E 1761 (3),,,,https://www.alltractormanuals.com/massey-ferguson/massey-ferguson-error-codes/massey-ferguson-engine-error-codes/
Traktor,Massey Ferguson,,,Elektroniske styresystemer,Varsellampe / feilkode,,AdBlue™/DEF tankmåler,Spenning under normalt,Feilkode motor ( E ),E 1761 (4),,,,https://www.alltractormanuals.com/massey-ferguson/massey-ferguson-error-codes/massey-ferguson-engine-error-codes/
Traktor,Massey Ferguson,,,Elektroniske styresystemer,Varsellampe / feilkode,,AdBlue™/DEF tankmåler,Lavt nivå,Feilkode motor ( E ),E 1761 (18),,,,https://www.alltractormanuals.com/massey-ferguson/massey-ferguson-error-codes/massey-ferguson-engine-error-codes/
Traktor,Massey Ferguson,,,Elektroniske styresystemer,Varsellampe / feilkode,,EGR-ventil,Temperaturalarm,Feilkode motor ( E ),E 2791 (0),,,,https://www.alltractormanuals.com/massey-ferguson/massey-ferguson-error-codes/massey-ferguson-engine-error-codes/
Traktor,Massey Ferguson,,,Elektroniske styresystemer,Varsellampe / feilkode,,EGR-ventil,Feil posisjon,Feilkode motor ( E ),E 2791 (7),,,,https://www.alltractormanuals.com/massey-ferguson/massey-ferguson-error-codes/massey-ferguson-engine-error-codes/
Traktor,Massey Ferguson,,,Elektroniske styresystemer,Varsellampe / feilkode,,EGR-ventil,Dreiemomentgrense,Feilkode motor ( E ),E 2791 (10),,,,https://www.alltractormanuals.com/massey-ferguson/massey-ferguson-error-codes/massey-ferguson-engine-error-codes/
Traktor,Massey Ferguson,,,Elektroniske styresystemer,Varsellampe / feilkode,,EGR-ventil,Kortslutning,Feilkode motor ( E ),E 2791 (11),,,,https://www.alltractormanuals.com/massey-ferguson/massey-ferguson-error-codes/massey-ferguson-engine-error-codes/
Traktor,Massey Ferguson,,,Elektroniske styresystemer,Varsellampe / feilkode,,EGR-ventil,Initialiseringsfeil,Feilkode motor ( E ),E 2791 (12),,,,https://www.alltractormanuals.com/massey-ferguson/massey-ferguson-error-codes/massey-ferguson-engine-error-codes/
Traktor,Massey Ferguson,,,Elektroniske styresystemer,Varsellampe / feilkode,,EGR-ventil,Overbelastning,Feilkode motor ( E ),E 2791 (14),,,,https://www.alltractormanuals.com/massey-ferguson/massey-ferguson-error-codes/massey-ferguson-engine-error-codes/
Traktor,Massey Ferguson,,,Elektroniske styresystemer,Varsellampe / feilkode,,EGR-ventil,Temperaturfare,Feilkode motor ( E ),E 2791 (16),,,,https://www.alltractormanuals.com/massey-ferguson/massey-ferguson-error-codes/massey-ferguson-engine-error-codes/
Traktor,Massey Ferguson,,,Elektroniske styresystemer,Varsellampe / feilkode,,EGR-ventil,Kommunikasjonsfeil,Feilkode motor ( E ),E 2791 (19),,,,https://www.alltractormanuals.com/massey-ferguson/massey-ferguson-error-codes/massey-ferguson-engine-error-codes/
Traktor,Massey Ferguson,,,Elektroniske styresystemer,Varsellampe / feilkode,,EGR-ventil,Fraværende,Feilkode motor ( E ),E 2791 (31),,,,https://www.alltractormanuals.com/massey-ferguson/massey-ferguson-error-codes/massey-ferguson-engine-error-codes/
Traktor,Massey Ferguson,,,Elektroniske styresystemer,Varsellampe / feilkode,,"AdBlue™/DEF
  tanktemperatursensor","Spenning over normalt eller
  åpen krets",Feilkode motor ( E ),E 3031 (3),,,,https://www.alltractormanuals.com/massey-ferguson/massey-ferguson-error-codes/massey-ferguson-engine-error-codes/
Traktor,Massey Ferguson,,,Elektroniske styresystemer,Varsellampe / feilkode,,"AdBlue™/DEF
  tanktemperatursensor",Spenning under normalt,Feilkode motor ( E ),E 3031 (4),,,,https://www.alltractormanuals.com/massey-ferguson/massey-ferguson-error-codes/massey-ferguson-engine-error-codes/
Traktor,Massey Ferguson,,,Elektroniske styresystemer,Varsellampe / feilkode,,"AdBlue™/DEF
  tanktemperatursensor","Unormal endringsrate under
  oppvarmingssyklus",Feilkode motor ( E ),E 3031 (10),,,,https://www.alltractormanuals.com/massey-ferguson/massey-ferguson-error-codes/massey-ferguson-engine-error-codes/
Traktor,Massey Ferguson,,,Elektroniske styresystemer,Varsellampe / feilkode,,"AdBlue™/DEF
  tanktemperatursensor",Avisingstid overskredet,Feilkode motor ( E ),E 3031 (14),,,,https://www.alltractormanuals.com/massey-ferguson/massey-ferguson-error-codes/massey-ferguson-engine-error-codes/
Traktor,Massey Ferguson,,,Elektroniske styresystemer,Varsellampe / feilkode,,"AdBlue™/DEF
  tanktemperatursensor",Temperatur over normalt,Feilkode motor ( E ),E 3031 (16),,,,https://www.alltractormanuals.com/massey-ferguson/massey-ferguson-error-codes/massey-ferguson-engine-error-codes/
Traktor,Massey Ferguson,,,Elektroniske styresystemer,Varsellampe / feilkode,,AdBlue™/DEF doseringsmodul,"Lavside kortsluttet til +12
  V",Feilkode motor ( E ),E 3361 (3),,,,https://www.alltractormanuals.com/massey-ferguson/massey-ferguson-error-codes/massey-ferguson-engine-error-codes/
Traktor,Massey Ferguson,,,Elektroniske styresystemer,Varsellampe / feilkode,,AdBlue™/DEF doseringsmodul,Høyside kortsluttet,Feilkode motor ( E ),E 3361 (4),,,,https://www.alltractormanuals.com/massey-ferguson/massey-ferguson-error-codes/massey-ferguson-engine-error-codes/
Traktor,Massey Ferguson,,,Elektroniske styresystemer,Varsellampe / feilkode,,AdBlue™/DEF doseringsmodul,"Høyside kortsluttet til +12
  V eller åpen krets",Feilkode motor ( E ),E 3361 (5),,,,https://www.alltractormanuals.com/massey-ferguson/massey-ferguson-error-codes/massey-ferguson-engine-error-codes/
Traktor,Massey Ferguson,,,Elektroniske styresystemer,Varsellampe / feilkode,,AdBlue™/DEF doseringsmodul,"Lavside kortsluttet til
  jord (-) eller åpen krets",Feilkode motor ( E ),E 3361 (6),,,,https://www.alltractormanuals.com/massey-ferguson/massey-ferguson-error-codes/massey-ferguson-engine-error-codes/
Traktor,Massey Ferguson,,,Elektroniske styresystemer,Varsellampe / feilkode,,AdBlue™/DEF doseringsmodul,Unormal drift,Feilkode motor ( E ),E 3361 (14),,,,https://www.alltractormanuals.com/massey-ferguson/massey-ferguson-error-codes/massey-ferguson-engine-error-codes/
Traktor,Massey Ferguson,,,Elektroniske styresystemer,Varsellampe / feilkode,,AdBlue™/DEF doseringsmodul,Driftstemperatur for høy,Feilkode motor ( E ),E 3361 (31),,,,https://www.alltractormanuals.com/massey-ferguson/massey-ferguson-error-codes/massey-ferguson-engine-error-codes/
Traktor,Massey Ferguson,,,Elektroniske styresystemer,Varsellampe / feilkode,,"AdBlue™/DEF tank
  forvarmingsventil",Kortslutning til +12 V,Feilkode motor ( E ),E 3363 (3),,,,https://www.alltractormanuals.com/massey-ferguson/massey-ferguson-error-codes/massey-ferguson-engine-error-codes/
Traktor,Massey Ferguson,,,Elektroniske styresystemer,Varsellampe / feilkode,,"AdBlue™/DEF tank
  forvarmingsventil",Kortslutning til jord,Feilkode motor ( E ),E 3363 (4),,,,https://www.alltractormanuals.com/massey-ferguson/massey-ferguson-error-codes/massey-ferguson-engine-error-codes/
Traktor,Massey Ferguson,,,Elektroniske styresystemer,Varsellampe / feilkode,,"AdBlue™/DEF tank
  forvarmingsventil",Åpen krets,Feilkode motor ( E ),E 3363 (5),,,,https://www.alltractormanuals.com/massey-ferguson/massey-ferguson-error-codes/massey-ferguson-engine-error-codes/
Traktor,Massey Ferguson,,,Elektroniske styresystemer,Varsellampe / feilkode,,"AdBlue™/DEF tank
  forvarmingsventil",For høy temperatur,Feilkode motor ( E ),E 3363 (31),,,,https://www.alltractormanuals.com/massey-ferguson/massey-ferguson-error-codes/massey-ferguson-engine-error-codes/
Traktor,John Deere,,,Miljøsystemer,Varsellampe / feilkode,"Varsellampe, feilkode",Feilkode på EGR-ventil.,Kortslutning til jord i EGR-ventil.,,2791.06,,,,
Traktor,John Deere,,,PTO,Varsellampe / feilkode,"Varsellampe, feilkode",Feilkode,"CCU 524224.14 vil bli generert når én av følgende situasjoner oppstår:
	•	PTO-brytere er aktivert ved oppstart.
	•	PTO-bryterne står i konflikt.
	•	PTO-bryteren er aktivert, IMS slår PTO AV, og IMS blir deretter slått AV.
	•	PTO opplever overspeed (for høyt turtall) eller underspeed (for lavt turtall).

Hvis denne feilen ikke skyldes en uheldig hendelse slik som beskrevet over, vil jeg mistenke at det kan være et problem med kablingen eller komponentene i PTO-kretsen. Dette bør undersøkes nærmere for å enten bekrefte eller utelukke en feil i ledningsnettet eller i PTO-kretsens komponenter.",,524224.14,,,,
Traktor,John Deere,,,Motor,Varsellampe / feilkode,"Varsellampe, feilkode",Feilkode. Manual sier:,"Veivhustrykket er høyt.
Feilsøking John Deere ECU 101.16 – Høyt veivhustrykk

For diagnostikk prosedyre, se relevant CTM (Component Technical Manual) for dieselmotorer.",,101.16,,,,
Traktor,John Deere,6R IT/4,,Klimaanlegg,Varsellampe / feilkode,"Varsellampe, feilkode",Feilkode CLC 520715.05. Selv om begge vifter i gulvet går. ,"Bytt vifte AL221364.
Eventuelt endre adresse CLC 75 fra ‘’1’’ til ‘’0’’. ",,CLC 520715.05,,,,
Traktor,Massey Ferguson,135,,Motor,Motorfeil,"Motor, ujevn gange","Går fint på tomgang, får ikke ruset opp. Ryker veldig.",Luftfilter var fullt i vann og hadde fryst / frosset.,,,false,,,
Traktor,Valmet,655,1993,Hydraulisk,Hydraulikkfeil,"Hydraulikk, virker ikke",All hydraulikk kuttet ut.,Drivhylse mellom registerdrev og pumpe utslitt. Skiftet forfra. Sitter bak et lokk foran på pumpa.,,,,,,
Traktor,John Deere,6820,2004,Elektrisk,Instrumentfeil,"Instrument, fungerer ikke","Traktor går, men alt er svart. Alle instrumenter. Hydraulikk.",Sikring framme ved batteri hadde gått.,,,,,,
Traktor,New Holland,TS 115,,Gir,Varsellampe / feilkode,"Varsellampe, lyser",Varsellampe for oljetrykk transmisjon blinker ved giring,"Akkumulatortank på høyre side av girkassa var tom for nitrogen. Etterfylt, alt ok.",,,,,,
Traktor,Claas,Arion,,Bakpart/kropp,Hydraulikkfeil,"Hydraulikk, ujevn bevegelse",Løftearmer går ulikt opp og ned. Går opp og ned hver for seg på en måte.,Utslitt splines til løftearmer.,,,,,,
Traktor,Massey Ferguson,,,Elektroniske styresystemer,Varsellampe / feilkode,"Varsellampe, feilkode",Feilkode,"Feil med melding på CAN-bussen fra girvelger i armlenet – gir ned-signal (TRANS)

Feilkodetekst: T219 – Signal error
Armrest negative signal

Vanlige årsaker
	1.	Dårlig kontakt i ledningsnett
	•	Spesielt i armlenet (mye bevegelse)
	2.	Defekt mikrobryter / girknapp
	•	Ned-gir-funksjonen er ofte en egen bryter
	3.	Fukt eller korrosjon
	•	Vanlig i armlenet eller kontaktstykker
	4.	CAN-feil
	•	Brudd, jordfeil eller dårlig skjerming
	5.	(Sjeldnere) Defekt armlen-modul eller transmisjons-ECU",,T219,,,,https://www.alltractormanuals.com/massey-ferguson/massey-ferguson-error-codes/massey-ferguson-transmission-error-codes/#google_vignette
Traktor,Claas,,,Elektroniske styresystemer,Varsellampe / feilkode,"Varsellampe, feilkode",Feilkode forklaring: Effektbegrensning er aktivert for å beskytte vendegirets clutch under belastning.,"For stor sluring er registrert.
Denne feilkoden oppstår ikke som følge av en defekt clutch, men som resultat av feil bruk av traktoren.
Hvis den oppstår ved oppstart, må riktig startgir velges i henhold til omgivelsene (f.eks. stor helling i terrenget).
Hvis den oppstår under kjøring, må man unngå å kjøre med inntrykket clutchpedal (en feil kjørevane).
Sjekk sensorer/instrumentering til clutchpedal og selve clutchen.",,ID7605h,,,,
Traktor,Massey Ferguson,TE20 gråtass,1954,Gir,Lekkasje,"Lekkasje, olje",Oppdager stadig vann i girkasse,Skifte tetninger rundt girspaker,Vann i girkasse,,,,true,
Traktor,Valtra,N101,2008,Elektrisk,Girfeil,"Varsellampe, annet",Va gnaget hull på lednigen til magnetventilen      Måtte ut me sete å under der ligge magnet ventilen til vendegir og knappe gir ,Skøyte kabel ,Knappe giren fynker ikkje ,P101,,false,true,
Traktor,John Deere,5620,,Elektroniske styresystemer,Motorfeil,"Motor, stopper","Stopper på tomgang. Fant utløst sikring.

Disse motorene sitter også i Claas.
På claas er det sikring FM 14 som går.",Kortslutning i tempføler til kaldstart. Koble den fra for å få startet «til nød». Må skiftes ut før traktor kan brukes sikkert videre. Se bilde.,,,,,false,
Traktor,Valtra,N174,,Elektroniske styresystemer,Hydraulikkfeil,"Hydraulikk, virker ikke",Løftearmer går ikke.,"Feil på løftehøyde-sensor på trepunkten. Sjekk tilkobling, kabling/ledning. Skift sensor om alt eksternt er i orden.",,1873.2.35,,,,
Traktor,Valtra,N174,,Elektroniske styresystemer,Hydraulikkfeil,"Hydraulikk, virker ikke",Løftearmer går ikke,"Feilkode peker på høyre ""draft sensor"". Gikk over koblinger og kontakter.

Feilkode 31 (011031-xx-035): Trekkføler, høyre, B2E (TC1-inngang Ai14).
Feilkode 32 (011032-xx-035): Trekkføler, venstre, B3E (TC1-inngang Ai13).
Signalspenningen er for høy (FMI 03) eller for lav (FMI 04). Eller trekkføleren er overbelastet, signals penning over 3,75 V (FMI 00) eller under 1,25 V (FMI 01).",,11031.4.35,,,,
Traktor,Massey Ferguson,6130,1997,Hydraulisk,Bevegelse/rotasjons-feil,Feil respons / Feil bevegelse,Clutchpedal tok ikke.,Luftet clutch på hovedsylinder og nede på høyre side,Clutch,,,,true,
Traktor,Valtra,N163,,Elektrisk,Varsellampe / feilkode,"Varsellampe, feilkode","Motorstyringssystemet (EEM4) har registrert for lav viftehastighet eller manglende signal fra viftekontrollen.

•	Defekt eller skadet ledningsnett til viftekontroll
	•	Dårlig kontakt i kontakter (korrosjon / oksidasjon)
	•	Defekt kjølevifte eller viftemotor
","1.	Lagre feillogg og slett feilkoden
	2.	Start ECU på nytt etter sletting
	3.	Hvis feilen kommer tilbake ved neste kjøresyklus:
	•	Kontroller ledninger til viftekontroll
	•	Sjekk kontakter og kontaktflater for korrosjon eller oksidasjon
	•	Test funksjonen til kjøleviften / viftemotoren",,1639 18,,,,
Traktor,Claas,Arion 530,,Elektrisk,Girfeil,"Gir, får ikke i gir",Satte vendegir fram. Traktor gikk ikke. Lampe med foroverpil lyste ikke.,Vendegirbryter var ødelagt.,,,,,,
Traktor,Valmet,665,1994,Elektrisk,Hydraulikkfeil,"Hydraulikk, virker ikke",Autocontrol fungerte ikke. Kom og gikk litt sporadisk.,Gjorde rent jordingspunkt bak deksler og isolasjon i høyre bakre hyttehjørne. Går flere jordledninger inn på et punkt der.,,,,,,
Traktor,Claas,,,Elektrisk,Varsellampe / feilkode,"Varsellampe, lyser","Blinkende gul lampe i dashbord. Se bilde.
I følge manual er lampen Feil på transmisjonscomputer ","Clutchbryter ble skiftet, så var alt ok.",Se bilde ,,,,true,
Traktor,Valmet,6400,1995,Bakpart/kropp,Hydraulikkfeil,"Hydraulikk, virker ikke",Kjørte tømmerkran. Plutselig kuttet all hydraulikk ut. Null hydraulikktrykk. Traktor gått cirka 10000 timer.,Måtte dele traktoren. Var ikke noe igjen av splines på akseltuppen som går fra bakpart inn i motoren. Skiftet aksel og motparten som var helt nedslitt (han / hun).,,,,,false,
Traktor,Valtra,N134,,Annet,Girfeil,"Gir, får ikke i gir",Traktor går ikke å flytte.,"Kan være relatert til SPN 3006 feilkode som er "" Coolant Temperature Sensor - Signal Not Plausible (Compared with Engine Oil Temperature) ""

Sjekk temperatursensor kjølevæske og motorolje. Er kjølevæske eller olje unormalt varm?

La traktoren stå og kjøle seg ned og prøv igjen. Dette har fungert og er rådet fra verksted.",,000003006879,,,,
Traktor,John Deere,6R,,Klimaanlegg,Klima-feil,"Klima, ingen varme",Får ikke varme i hytta. Feilkode.,"Denne feilen oppstår ofte på grunn av svak kontakt/korrosjon i varmeventilens kontakter. Mekanisk skade på selve ventilen kan også være årsak. Start alltid med å kontrollere signal, tilkobling og jording før komponenter byttes. Ventil sitter i varmekretsen til hytta.

Sjekk elektriske tilkoblinger til heater-ventilen:
Kontroller kontakter og kabelsko for korrosjon, løs forbindelse eller brekkasje.
Rens og sikre kontaktflater.
Test selve heater-ventilen:
Mål motstand i ventilen (samsvar med spesifikasjoner).
Bytt ut ventilen hvis den ikke responderer eller har feil verdi.
Hvis feil fremdeles oppstår:
Sjekk styresignalene fra ECU til ventilen med diagnoseverktøy.
Bytt eller reparer ledningsnettet/driverkrets hvis nødvendig.",,1549.07,,,,
Traktor,Claas,Ares,,Drivstoffsystem,Motorfeil,"Motor, stopper",Ingen feilkode. Traktor bare stopper etter et par minutter. Lyser skiftenøkkel-symbol / servicelampe.,"Fødepumpe ga for lite trykk. Skiftet denne, alt ok!
Det som lurte meg her var at den faktisk pumpet diesel frem når jeg sjekket, men tydeligvis ikke når den fikk mottrykk.",,,,,,
Traktor,Valtra,6850,,Gir,Girfeil,"Gir, annet",Slurer veldig når vendegir settes i revers.,Rengjorde kontakt og sjekket kabel til solenoid. Var dårlig forbindelse til spolen.,,,,,,
Traktor,Valtra,6550,2004,Gir,Girfeil,"Gir, annet",Sluring på vendegir bakover. Feilkode kommer etter en stund med sluring.,"Defekt o-ring i magnetventilen til revers.
Viktig å fikse dette problemet fort, ellers brenner lamellene og traktor må deles.",,,,,,
Traktor,Valtra,6550,,Hydraulisk,PTO-feil,"PTO, ujevn gange",Kraftuttaket slurer ved last.,"Det sitter et måleuttak til høyre for toppstaget som viser trykket i kraftuttakskløtsjen. Sett dit et manometer pg det skal være ca 18 bar når kraftuttaket går. La PTO gå og kjør gjennom framover -bakover og alle hurtiggir, koble ut og inn 4wd, diffsperre og parkbrems. Hver gang du aktiverer en funksjon vil trykket falle ca 1 bar i 0,5-1 sekund og gå opp igjen til ca 18. Det er en indre blødning i ventilen til den funksjonen som gjør at trykket blir stående nede på et lavere trykk.",,L419,,,,
Traktor,John Deere,6930,,Kjøling,Varsellampe / feilkode,"Varsellampe, feilkode",Rød feilkodevarsel. Redusert motorkraft.,Gjorde rent luftfilter Gjorde ren intercooler skikkelig. Hjalp ikke. Skiftet temperaturføler til ladeluft og EGR-luft.,,2630.00,,,,
Traktor,Valmet,805,,PTO,PTO-feil,"PTO, annet",Bare skraper når jeg skal koble inn PTO,"Var en urenhet i spoleventilen til PTO-clutch. Demonterte, åpnet, rengjorde.",Skraper,,,,true,
Traktor,Valmet,905,1986,PTO,PTO-feil,"PTO, starter ikke","Får ikke lagt inn kraftuttak, bare skraper",Lameller i PTO clutch hadde gått varme og slått seg. Overhalte clutch ,Får ikke i gir,,,,true,
Traktor,Valtra,,,Drivstoffsystem,Motorfeil,"Motor, feil turtall",Fikk ikke fullt turtall. Svært lat.,"Tømte vannutskiller, problem løst.",,,true,,,
Traktor,Valtra,N4 T4,,Miljøsystemer,Varsellampe / feilkode,"Varsellampe, feilkode",Traktor stopper,"Feilkode relatert til DEF. Oversatt fra manual er:

Mulige årsaker:
	•	Feil i ledningsnettet til DEF-modulen
	•	Defekt DEF-forsyningsmodul
	•	Kortslutning eller høy belastning i ventilen
	•	Dårlig kontakt/korrosjon i kontakter",,521002.31,,,,
Traktor,Valtra,N4 T4,,Miljøsystemer,Varsellampe / feilkode,"Varsellampe, feilkode",Feilkoder og redusert effekt,"Feil i adblue system. Måtte ha servicemann. Feilkode betyr oversatt 

DEF-forsyningsmodulen klarte ikke å gjennomføre tømming (drenering/purging) ved forrige gang motoren ble slått av.

Når motoren stoppes, skal systemet automatisk tømme DEF-ledningene for å hindre krystallisering og frostskader. Dette ble ikke fullført.

Mulige årsaker:
	•	Tenningen/hovedstrømmen ble slått av før tømmingen var ferdig
	•	Hovedbryter ble slått av for tidlig
	•	Defekt DEF-forsyningsmodul
	•	En annen aktiv feilkode forårsaker at tømmingen avbrytes",,4332.31,,,,
Traktor,Valtra,N163,,Elektrisk,Varsellampe / feilkode,"Varsellampe, feilkode",Feilkode kom uten andre symptomer som jeg merket,"Feilkodetekst sier feil på en av PTO-knappene, enten auto eller andre veien. Kontakt bak bryter var litt løs.",,8062-02-003,,,,
Traktor,Massey Ferguson,,,Hydraulisk ekstern,Varsellampe / feilkode,"Varsellampe, feilkode","Blinker raskt, deretter 2-3-2 i blå knapp ved sms spak.","Fant til slutt en guide (se link) som forklarer at feilkoden begynner med en rask blinkeserie etterfulgt av feilkode. Første blink er ventilnummer, etterfulgt av blink for første og andre siffer i feilkode. Min feilkode var da ventil nr 2, kode 3-2. Skiftet ventil nummer 2 da jeg ikke fant noe feil eller fikk vekk feilen ved å spraye kontakt med elektrospray osv..
Har også lest at det skal være et lite filter i ventilen som kan være tett.",Blinker rødt i blå knapp,,,,true,https://www.scribd.com/document/488779979/%D0%B5%D0%BB%D0%B5%D0%BA%D1%82%D1%80%D0%BE%D0%BD%D1%96%D0%BA%D0%B0-master-mf8400-wsm-08-en-pdf
Traktor,Valtra,6550,2003,Elektrisk,Motorfeil,"Motor, starter ikke","Vrir på nøkkel for å starte, starter slår inn og ut i korte sekvenser.","For stort spenningsfall når starter slår inn, som gjør at en hjerne slokner. ",,,,,,
Traktor,John Deere,6400,,Drivstoffsystem,Motorfeil,"Motor, dårlig effekt","Traktor går greit noen minutter, før den plutselig går dårligere og får ikke mer enn 1500rpm og etterhvert ikke mer enn 1000rpm. Hvis jeg stopper og starter går den litt høyere på turtall en stund igjen.",Innsugssil i tanken var tett.,Får ikke opp turtall,,true,,true,
Traktor,Valmet,704,,Drivverk,PTO-feil,"PTO, stopper ikke",Får ikke clutchet ut PTO så må stoppe motoren for å skru kraftuttak av og på.,Sjekket justering av clutch-spak. Den var ok. Kjørte traktoren varm før jeg startet den igjen med kraftuttaket innkoblet. Belastet så kraftuttaket mens jeg dro i clutch-spaken. Plutselig fungerte det igjen. Kan virke som at lamell satt fast i svinghjulet.,,,,,,
Traktor,Valtra,N141,2012,Elektrisk,Elektrisk feil,"Elektrisk, mangler spenning",Mistet alle arbeidslys! Arbeidslys bakover fungerer i revers.,Sikring til høyre parklys hadde gått. Denne forsyner styring til arbeidslysene!,Ikke lys i arbeidslysene,,,,true,
Traktor,Massey Ferguson,6270,,Elektrisk,Bevegelse/rotasjons-feil,Stillstand / Ingen bevegelse,Går ikke å flytte traktoren. Blinker ei feillampe.,"Åpne opp konsollen under dashbordet og sjekk clutchbryterne dine. Det er en øvre og en nedre clutchbryter, og hvis traktoren ikke vil bevege seg, er det som regel den nederste som ikke fungerer som den skal. Du kan prøve å spraye dem med litt penetrerende olje / elektrospray og deretter bevege/dra dem frem og tilbake.",Vendegir,,,,true,
Traktor,Valtra,6550,2004,Drivverk,Drivverk feil,Annet,Firehjulstrekk fungerte ikke. Lampe i instrumentpanel lyste som den skulle.,"Feilen var trykknappen. Den ga spenning til magnetventil hele tiden, selv om den var av. Magnetventilen legger inn 4wd når den ikke har strøm.
Skiftet bryter for 4wd!",,,,,,
Traktor,Valtra,T160,2003,Hydraulisk,Bevegelse/rotasjons-feil,Feil respons / Feil bevegelse,Traktor hoppet ut av gir. PTO virket ikke,Byttet magnetventil Y6,,P 103,,,,
Traktor,Massey Ferguson,5612,2016,Elektrisk,Varsellampe / feilkode,"Varsellampe, feilkode",Feilkode temperatur girkasse,Gikk over alle kontakter og sensorer rundt om på girkassa. Fant en som nesten var løs. Dette var feilen.,,T122,,,,
Traktor,Valtra,N174d,,Gir,Girfeil,"Gir, får ikke i gir",Står bare ABCD i display i stolpen.,Trykket +/- girvalg og byttet serie så kom den.,,,,,,
Traktor,Massey Ferguson,5613,2015,Elektroniske styresystemer,Varsellampe / feilkode,"Varsellampe, feilkode",Fikk frem kode,Defekt temperatursensor i girkassa.,,T122,,,,
Traktor,Fendt,514,,Elektrisk,Hydraulikkfeil,"Hydraulikk, virker ikke",Ytre hydraulikk virker ikke.,"Feil på elektrisk krets til ventil Y032. Den sitter på høyre side av traktoren bak et deksel, sammen med flere ventiler. Se bilder. Det var feil i selve ventilen på min.",,0A.1.F2,,,,
Traktor,Valtra,6550,2004,Elektrisk,Girfeil,"Gir, får ikke i gir",Ingen feilkode. Retningspiler bare blinket når jeg satte vendegir frem eller bak.,Koblet sammen hvit og blå ledning under setet (setebryter defekt),,,,,,
Annet,Multiva,Forte,2023,Mekanisk,Annet,Annet,For dyp sådybde. Fikk ikke justert opp over 4cm.,Justerte ut skråstaget. Det har utrolig mye å si på få centimeter.,,,,,,
Traktor,John Deere,6230,2008,Elektroniske styresystemer,Girfeil,"Gir, hopper ut",Traktor frir ut. Feilkode kommer. Bare å sette i gir igjen så går den.,"Feilkode betyr: EPC 524025.31 - Reverse Drive Lever, Forward Switch or Reverse Switch Open, But Not-Neutral Switch Closed.

Altså en feiltilstand på vendegirspak.",,524025.31,,,,
Traktor,Massey Ferguson,7718,,Elektrisk,PTO-feil,"PTO, starter ikke",PTO-lampe blinker og den går ikke rundt.,Solenoid var defekt.,,,,,,
Traktor,Ford,3000,1976,Drivstoffsystem,Lekkasje,"Lekkasje, drivstoff",Dryppet på gulv. Merket ingenting på effekt.,Var hull i rør mellom tank og håndpumpe. Lakk også i slangestump mellom håndpumpe og filter. Satte på slanger.,,,true,,,
Annet,Haga,HMV150,2003,Drivstoffsystem,Annet,Annet,Luft og bobler i retur.,Defekt tiger-loop.,,,,,,
Annet,Haga,HMV150,2003,Elektrisk,Varsellampe / feilkode,"Varsellampe, lyser",Oljebrenner starter ikke. Lyste rødt i brennerrele LOA24,Relé var defekt. Smeltet på toppen. Byttet 1:1,,,,,,
Traktor,Valtra,N141,2012,Elektroniske styresystemer,Annet,Annet,Framaksel lå bare i bunn.,"Skiftet sensor til fjæringa, altså vinkelgiveren som sitter på venstre side.",Fjærende framaksel feil,,,,true,
Skurtresker,Claas,Avero 240,,Skjærebord,Varsellampe / feilkode,"Varsellampe, feilkode","ECU: CAC –
  frontredskaps-/nivelleringsstyring; CCN: A008; Komponent: Y087 – magnetventil
  for senking av frontredskap; FMI: 3 – for høy spenning / kortslutning mot
  batteri +","Kort beskrivelse: Magnetventil for senking av
  frontredskap er defekt eller har elektrisk feil. Detalj/tiltak: Det er
  registrert for høy spenning, typisk kortslutning til høyere elektrisk
  potensial (batteri +). Kontroller kontaktplugger og ledningsnett til Y087.
  Start kjøretøyet på nytt. Dersom feilen vedvarer, rapporter feilkoden til
  service/verksted for videre kontroll av ledningsnett, ventil og eventuelt
  CAC-styreenhet.",,0x250C (ID0250),,,,
Skurtresker,Claas,Avero 240,,Skjærebord,Varsellampe / feilkode,"Varsellampe, feilkode","ECU: CAC – frontredskaps-/nivelleringsstyring;
  CCN: A008; Komponent: Y067 – magnetventil for venstre tverrnivellering; FMI:
  3 – for høy spenning / kortslutning mot batteri +","Kort beskrivelse: Magnetventil for venstre
  tverrnivellering er defekt eller har elektrisk feil. Detalj/tiltak: Det er
  registrert for høy spenning, typisk kortslutning til høyere elektrisk
  potensial (batteri +). Kontroller kontaktplugger og ledningsnett til Y067.
  Start kjøretøyet på nytt. Dersom feilen vedvarer, rapporter feilkoden til
  service/verksted for videre kontroll av ledningsnett, ventil og eventuelt
  CAC-styreenhet.",,0x250F (ID0250),,,,
Skurtresker,Claas,Avero 240,,Skjærebord,Varsellampe / feilkode,"Varsellampe, feilkode","ECU: CAC – frontredskaps-/nivelleringsstyring;
  CCN: A008; Komponent: Y068 – magnetventil for høyre tverrnivellering; FMI: 3
  – for høy spenning / kortslutning mot batteri +","Kort beskrivelse: Magnetventil for høyre
  tverrnivellering er defekt eller har elektrisk feil. Detalj/tiltak: Det er
  registrert for høy spenning, typisk kortslutning til høyere elektrisk
  potensial (batteri +). Kontroller kontaktplugger og ledningsnett til Y068.
  Start kjøretøyet på nytt. Dersom feilen vedvarer, rapporter feilkoden til
  service/verksted for videre kontroll av ledningsnett, ventil og eventuelt
  CAC-styreenhet.",,0x2512 (ID0251),,,,
Skurtresker,Claas,Avero 240,,Skjærebord,Varsellampe / feilkode,"Varsellampe, feilkode","ECU: CAC – frontredskaps-/nivelleringsstyring;
  CCN: A008; Komponent: Y097 – magnetventil for demping på frontredskap; FMI: 3
  – for høy spenning / kortslutning mot batteri +","Kort beskrivelse: Magnetventil for dempefunksjon
  på frontredskap er defekt eller har elektrisk feil. Detalj/tiltak: Det er
  registrert for høy spenning, typisk kortslutning til høyere elektrisk
  potensial (batteri +). Kontroller kontaktplugger og ledningsnett til Y097.
  Start kjøretøyet på nytt. Dersom feilen vedvarer, rapporter feilkoden til
  service/verksted for videre kontroll av ledningsnett, ventil og eventuelt
  CAC-styreenhet.",,0x2515 (ID0251),,,,
Skurtresker,Claas,Avero 240,,Skjærebord,Varsellampe / feilkode,"Varsellampe, feilkode","ECU: CAC – frontredskaps-/nivelleringsstyring;
  CCN: A008; Komponent: Y085 – magnetventil for heving av frontredskap; FMI: 3
  – for høy spenning / kortslutning mot batteri +","Kort beskrivelse: Magnetventil for heving av
  frontredskap er defekt eller har elektrisk feil. Detalj/tiltak: Det er
  registrert for høy spenning, typisk kortslutning til høyere elektrisk
  potensial (batteri +). Kontroller kontaktplugger og ledningsnett til Y085.
  Start kjøretøyet på nytt. Dersom feilen vedvarer, rapporter feilkoden til
  service/verksted for videre kontroll av ledningsnett, ventil og eventuelt
  CAC-styreenhet.",,0x2509 (ID0250),,,,
Skurtresker,Claas,Avero 240,,Elektrisk,Varsellampe / feilkode,"Varsellampe, feilkode","ECU: HYD – hydraulikkstyring; CCN: A060;
  Komponent/funksjon: A015 – motorturtallsbeskyttelse; FMI: 98 –
  produsentspesifikk kode, motorturtallsbeskyttelse aktiv","Kort beskrivelse: Beskyttelsesfunksjon for
  dieselmotorturtall er aktivert. Detalj/tiltak: Systemet har registrert for
  høyt dieselmotorturtall. Feilen oppstår oftest under kjøring nedover bakke
  når maskinen “drar” motoren. Reduser kjørehastigheten og/eller bruk lavere
  gir/motorbrems slik at turtallet holdes innenfor tillatt område. Dersom koden
  opptrer ofte ved normal kjøring, bør kjøremønster og eventuelle innstillinger
  kontrolleres av verksted.",,0x0012 (ID0012),,,,
Traktor,New Holland,,,Elektrisk,Girfeil,"Gir, får ikke i gir",Feilkode på clutchbryter,"Feilkode E37 vises:
Åpen krets i clutchpedalbryteren

* Kontroller justering og funksjon til bryteren.
* Hvis bryteren fungerer korrekt, kontroller at det ikke er brudd i ledningsnettet (åpen krets).

Feilkode E48 vises:
Kortslutning i clutchpedalbryteren

* Kontroller justering og funksjon til bryteren.
* Hvis bryteren fungerer korrekt, kontroller at det ikke er kortslutning i ledningsnettet.

Feilkode E47 vises:
Feil justering (for høyt innstilt) av clutchpedalbryteren

* Kontroller justering og funksjon til bryteren.",,E37 E47 E48,,,,
Traktor,New Holland,T6060,,Styring og oppheng,Bevegelse/rotasjons-feil,Feil respons / Feil bevegelse,Fikk ikke tiltet rattet langt nok ned. Det stoppet omtrent halvveis når jeg dro rattet mot meg.,Gassdemper defekt. Skiftet den så ble det bra. Var litt knot.,,,,,,
Traktor,Valtra,6400,,Annet,Bevegelse/rotasjons-feil,Stillstand / Ingen bevegelse,Clutchpedalen kommer ikke opp igjen!,De nyeste har hydraulisk kløtsjoverføring (De første årgangene med svart dashbord hadde mekanisk overføring) Du må begynne med å lufte clutchen. Hvis det ikke hjelper så er trolig clutchpumpa defekt.,,,,,,
Skurtresker,Claas,Avero 240,2010,Ristere,Bevegelse/rotasjons-feil,Slark,For stor slark i bakre risterlager som er i tre. ,"Følgende tekst står i service-manual for å ta ut hele risterne, så utelat det om du ikke skal ha de ut:

Skifte av bakre halmristeraksel (trelager)

Hvis maskinen din har trelager, er framgangsmåten i hovedtrekk:

1. Sving halmsprederen/halmkutteren til skårleggingsstilling.
2. Ta av bakdekselet.
3. Ta av remmene til halmristerdriften.
4. På ytre halmristere:
    * løsne klemmen,
    * koble fra eventuelle følere,
    * demonter følerne.
5. Merk plasseringen av alle lagerhalvdelene før demontering.
6. Skru løs alle lagerhusene.
7. Ta av nedre lagerhalvdel og noter hvor mange mellomplater (shims) som ligger på hvert lager.
8. Løft ut halmristene.
9. Demonter den bakre halmristerakselen.

Ved montering:

1. Smør trelagerne lett med AGRIGREASE EP2.
2. Monter lagerhalvdelene med passende antall mellomplater.
3. Stram mutrene bare håndfast først.
4. Drei halmristerakselen flere omdreininger.
5. Sett akselen i bakerste dødpunkt.
6. Stram lagrene kryssvis.
7. Kontroller etter hver stramming at:
    * akselen går lett,
    * halmristene beveger seg fritt,
    * lagrene ikke klemmer.
8. Juster antall mellomplater ved behov.",,,true,,,
Traktor,John Deere,6630,,Elektroniske styresystemer,Varsellampe / feilkode,"Varsellampe, feilkode",Feilkode og startproblemer.,"Feilkode 629.13 på en John Deere 6430 betyr intern feil eller datafeil i motorstyreenheten (ECU / EEPROM). Traktorens ""hjerne"" sliter med å lese sitt eget minne.Slik går du frem:Ta en ""hard reset"": Slå av tenningen, koble fra batteripolene i 15 minutter, og koble til igjen.Sjekk spenning og jord: Dårlig jording eller lav batterispenning kan skape denne feilmeldingen. Rens og stram jordingskabler.Se etter ledningsbrudd: Sjekk ledningsnettet inn til ECU for gnag, korrosjon eller løse kontakter.Oppdater programvare: Vedvarer feilen, må et verksted relese (flashe) programvaren på nytt. I verste fall må ECU byttes.
Hjalp heldigvis med «hard reset» i mitt tilfelle.",,629.13,,,,